{
  "create:root": {
    "criteria": {
      "0": "2025-06-05 13:25:14 +0000"
    },
    "done": true
  },
  "herbalbrews:main/root": {
    "criteria": {
      "seeds": "2025-06-05 13:25:14 +0000"
    },
    "done": true
  },
  "vinery:main/root": {
    "criteria": {
      "seeds": "2025-06-05 13:25:14 +0000"
    },
    "done": true
  },
  "farmersdelight:main/root": {
    "criteria": {
      "seeds": "2025-06-05 13:25:14 +0000"
    },
    "done": true
  },
  "bakery:main/root": {
    "criteria": {
      "seeds": "2025-06-05 13:25:14 +0000"
    },
    "done": true
  },
  "brewery:main/root": {
    "criteria": {
      "seeds": "2025-06-05 13:25:14 +0000"
    },
    "done": true
  },
  "xercamusic:achievements/root": {
    "criteria": {
      "crafting_table": "2025-06-05 13:25:14 +0000"
    },
    "done": true
  },
  "candlelight:main/root": {
    "criteria": {
      "seeds": "2025-06-05 13:25:14 +0000"
    },
    "done": true
  },
  "farm_and_charm:main/find_wild_crops": {
    "criteria": {
      "oat": "2025-06-05 13:25:14 +0000",
      "wild_strawberry": "2025-06-05 13:25:14 +0000",
      "corn": "2025-06-05 13:25:14 +0000",
      "onion": "2025-06-05 13:25:14 +0000",
      "wild_corn": "2025-06-05 13:25:14 +0000",
      "wild_ribwort": "2025-06-05 13:25:14 +0000",
      "strawberry": "2025-06-05 13:25:14 +0000",
      "wild_nettle": "2025-06-05 13:25:14 +0000",
      "barley": "2025-06-05 13:25:14 +0000",
      "tomato": "2025-06-05 13:25:14 +0000",
      "lettuce": "2025-06-05 13:25:14 +0000",
      "wild_lettuce": "2025-06-05 13:25:14 +0000",
      "wild_tomatoes": "2025-06-05 13:25:14 +0000",
      "oat_seeds": "2025-06-05 13:25:14 +0000",
      "tomato_seeds": "2025-06-05 13:25:14 +0000",
      "barley_seeds": "2025-06-05 13:25:14 +0000",
      "strawberry_seeds": "2025-06-05 13:25:14 +0000",
      "lettuce_seeds": "2025-06-05 13:25:14 +0000",
      "kernels": "2025-06-05 13:25:14 +0000",
      "wild_barley": "2025-06-05 13:25:14 +0000",
      "wild_onion": "2025-06-05 13:25:14 +0000",
      "wild_oat": "2025-06-05 13:25:14 +0000"
    },
    "done": true
  },
  "comforts:sleeping_bag_pink": {
    "criteria": {
      "has_the_recipe": "2025-06-05 13:25:15 +0000"
    },
    "done": true
  },
  "comforts:hammock_magenta": {
    "criteria": {
      "has_the_recipe": "2025-06-05 13:25:15 +0000"
    },
    "done": true
  },
  "comforts:rope_and_nail": {
    "criteria": {
      "has_the_recipe": "2025-06-05 13:25:15 +0000"
    },
    "done": true
  },
  "comforts:sleeping_bag_cyan": {
    "criteria": {
      "has_the_recipe": "2025-06-05 13:25:15 +0000"
    },
    "done": true
  },
  "comforts:sleeping_bag_light_gray": {
    "criteria": {
      "has_the_recipe": "2025-06-05 13:25:15 +0000"
    },
    "done": true
  },
  "comforts:hammock_gray": {
    "criteria": {
      "has_the_recipe": "2025-06-05 13:25:15 +0000"
    },
    "done": true
  },
  "undergarden:undergarden/root": {
    "criteria": {
      "tick": "2025-06-05 13:25:15 +0000"
    },
    "done": true
  },
  "comforts:sleeping_bag_magenta": {
    "criteria": {
      "has_the_recipe": "2025-06-05 13:25:15 +0000"
    },
    "done": true
  },
  "naturescompass:natures_compass": {
    "criteria": {
      "has_recipe": "2025-06-05 13:25:15 +0000"
    },
    "done": true
  },
  "comforts:sleeping_bag_black": {
    "criteria": {
      "has_the_recipe": "2025-06-05 13:25:15 +0000"
    },
    "done": true
  },
  "comforts:sleeping_bag_red": {
    "criteria": {
      "has_the_recipe": "2025-06-05 13:25:15 +0000"
    },
    "done": true
  },
  "mekanism:root": {
    "criteria": {
      "automatic": "2025-06-05 13:25:15 +0000"
    },
    "done": true
  },
  "mowziesmobs:root": {
    "criteria": {
      "custom_test_name": "2025-06-05 13:25:15 +0000"
    },
    "done": true
  },
  "comforts:sleeping_bag_brown": {
    "criteria": {
      "has_the_recipe": "2025-06-05 13:25:15 +0000"
    },
    "done": true
  },
  "lootr:root": {
    "criteria": {
      "always_true": "2025-06-05 13:25:15 +0000"
    },
    "done": true
  },
  "comforts:hammock_brown": {
    "criteria": {
      "has_the_recipe": "2025-06-05 13:25:15 +0000"
    },
    "done": true
  },
  "betterdeserttemples:root": {
    "criteria": {
      "always": "2025-06-05 13:25:15 +0000"
    },
    "done": true
  },
  "comforts:sleeping_bag_light_blue": {
    "criteria": {
      "has_the_recipe": "2025-06-05 13:25:15 +0000"
    },
    "done": true
  },
  "comforts:hammock_purple": {
    "criteria": {
      "has_the_recipe": "2025-06-05 13:25:15 +0000"
    },
    "done": true
  },
  "comforts:hammock_red": {
    "criteria": {
      "has_the_recipe": "2025-06-05 13:25:15 +0000"
    },
    "done": true
  },
  "comforts:sleeping_bag_white": {
    "criteria": {
      "has_the_recipe": "2025-06-05 13:25:15 +0000"
    },
    "done": true
  },
  "comforts:sleeping_bag_gray": {
    "criteria": {
      "has_the_recipe": "2025-06-05 13:25:15 +0000"
    },
    "done": true
  },
  "comforts:hammock_black": {
    "criteria": {
      "has_the_recipe": "2025-06-05 13:25:15 +0000"
    },
    "done": true
  },
  "yungscavebiomes:root": {
    "criteria": {
      "always": "2025-06-05 13:25:15 +0000"
    },
    "done": true
  },
  "naturescompass:natures_compass_log": {
    "criteria": {
      "has_recipe": "2025-06-05 13:25:15 +0000"
    },
    "done": true
  },
  "comforts:hammock_cyan": {
    "criteria": {
      "has_the_recipe": "2025-06-05 13:25:15 +0000"
    },
    "done": true
  },
  "comforts:sleeping_bag_purple": {
    "criteria": {
      "has_the_recipe": "2025-06-05 13:25:15 +0000"
    },
    "done": true
  },
  "comforts:sleeping_bag_green": {
    "criteria": {
      "has_the_recipe": "2025-06-05 13:25:15 +0000"
    },
    "done": true
  },
  "comforts:hammock_light_blue": {
    "criteria": {
      "has_the_recipe": "2025-06-05 13:25:15 +0000"
    },
    "done": true
  },
  "comforts:hammock_green": {
    "criteria": {
      "has_the_recipe": "2025-06-05 13:25:15 +0000"
    },
    "done": true
  },
  "comforts:hammock_lime": {
    "criteria": {
      "has_the_recipe": "2025-06-05 13:25:15 +0000"
    },
    "done": true
  },
  "naturescompass:natures_compass_sapling": {
    "criteria": {
      "has_recipe": "2025-06-05 13:25:15 +0000"
    },
    "done": true
  },
  "comforts:sleeping_bag_orange": {
    "criteria": {
      "has_the_recipe": "2025-06-05 13:25:15 +0000"
    },
    "done": true
  },
  "comforts:hammock_blue": {
    "criteria": {
      "has_the_recipe": "2025-06-05 13:25:15 +0000"
    },
    "done": true
  },
  "comforts:hammock_white": {
    "criteria": {
      "has_the_recipe": "2025-06-05 13:25:15 +0000"
    },
    "done": true
  },
  "comforts:hammock_light_gray": {
    "criteria": {
      "has_the_recipe": "2025-06-05 13:25:15 +0000"
    },
    "done": true
  },
  "betterdungeons:root": {
    "criteria": {
      "always": "2025-06-05 13:25:15 +0000"
    },
    "done": true
  },
  "comforts:hammock_pink": {
    "criteria": {
      "has_the_recipe": "2025-06-05 13:25:15 +0000"
    },
    "done": true
  },
  "comforts:sleeping_bag_lime": {
    "criteria": {
      "has_the_recipe": "2025-06-05 13:25:15 +0000"
    },
    "done": true
  },
  "comforts:hammock_yellow": {
    "criteria": {
      "has_the_recipe": "2025-06-05 13:25:15 +0000"
    },
    "done": true
  },
  "comforts:sleeping_bag_blue": {
    "criteria": {
      "has_the_recipe": "2025-06-05 13:25:15 +0000"
    },
    "done": true
  },
  "comforts:sleeping_bag_yellow": {
    "criteria": {
      "has_the_recipe": "2025-06-05 13:25:15 +0000"
    },
    "done": true
  },
  "comforts:hammock_orange": {
    "criteria": {
      "has_the_recipe": "2025-06-05 13:25:15 +0000"
    },
    "done": true
  },
  "farm_and_charm:main/root": {
    "criteria": {
      "example_criterion": "2025-06-05 13:25:17 +0000"
    },
    "done": true
  },
  "vinery:main/fruits_of_the_field": {
    "criteria": {
      "fruits_of_the_field": "2025-06-05 13:25:17 +0000"
    },
    "done": true
  },
  "minecraft:adventure/adventuring_time": {
    "criteria": {
      "minecraft:river": "2025-06-05 15:16:28 +0000",
      "minecraft:cold_ocean": "2025-06-05 15:18:58 +0000",
      "minecraft:forest": "2025-06-05 15:16:26 +0000",
      "minecraft:ocean": "2025-06-05 15:18:54 +0000",
      "minecraft:windswept_gravelly_hills": "2025-06-05 15:11:30 +0000",
      "minecraft:plains": "2025-06-05 13:25:17 +0000"
    },
    "done": false
  },
  "beachparty:main/root": {
    "criteria": {
      "example_criterion": "2025-06-05 13:25:17 +0000"
    },
    "done": true
  },
  "minecraft:husbandry/plant_seed": {
    "criteria": {
      "supplementaries:flax": "2025-06-05 13:26:08 +0000"
    },
    "done": true
  },
  "lootr:1chest": {
    "criteria": {
      "opened_chest": "2025-06-05 15:09:15 +0000"
    },
    "done": true
  },
  "quark:crawl_in_hollow_log": {
    "criteria": {
      "crawl_in_hollow_log": "2025-06-05 15:21:20 +0000"
    },
    "done": true
  },
  "biomesoplenty:biomesoplenty/all_biomes": {
    "criteria": {
      "orchard": "2025-06-05 15:16:46 +0000",
      "seasonal_forest": "2025-06-05 15:16:36 +0000",
      "lavender_field": "2025-06-05 15:18:25 +0000",
      "gravel_beach": "2025-06-05 15:20:42 +0000"
    },
    "done": false
  },
  "hearth_and_home:recipes/trims": {
    "criteria": {
      "has_item": "2025-06-05 15:11:23 +0000"
    },
    "done": true
  },
  "hearth_and_home:recipes/lattices": {
    "criteria": {
      "has_item": "2025-06-05 15:11:23 +0000"
    },
    "done": true
  },
  "hearth_and_home:recipes/sanded_wood": {
    "criteria": {
      "has_item": "2025-06-05 15:11:23 +0000"
    },
    "done": true
  },
  "lootr:social": {
    "criteria": {
      "opened_chest": "2025-06-05 15:09:15 +0000"
    },
    "done": false
  },
  "tetra:recipes/planks": {
    "criteria": {
      "got_wood": "2025-06-05 15:11:23 +0000"
    },
    "done": true
  },
  "hearth_and_home:recipes/parquets": {
    "criteria": {
      "has_item": "2025-06-05 15:11:23 +0000"
    },
    "done": true
  },
  "biomesoplenty:biomesoplenty/root": {
    "criteria": {
      "seasonal_forest": "2025-06-05 15:16:36 +0000"
    },
    "done": true
  },
  "aquamirae:adventure/root": {
    "criteria": {
      "crafting_table": "2025-06-05 15:12:48 +0000"
    },
    "done": true
  },
  "minecraft:story/root": {
    "criteria": {
      "crafting_table": "2025-06-05 15:12:48 +0000"
    },
    "done": true
  },
  "DataVersion": 3465
}