{"stats":{"minecraft:dropped":{"minecraft:iron_ingot":11,"botania:yellow_mystical_flower":4,"minecraft:wheat_seeds":7,"minecraft:diamond":1,"minecraft:dripstone_block":2,"minecraft:iron_helmet":1,"malum:runewood_log":1,"minecraft:cobblestone":19,"minecraft:apple":2,"aquaculture:minnow":1,"minecraft:granite":8,"embers:ancient_motive_core":1,"minecolonies:blockhutbuilder":1,"minecraft:leather_helmet":2,"minecraft:golden_apple":1,"biomesoplenty:fir_sapling":8,"twigs:pebble":4,"embers:archaic_brick":9,"minecraft:dirt":18,"minecolonies:blockminecoloniesrack":1,"minecraft:diorite":30,"tconstruct:materials_and_you":1,"minecraft:golden_carrot":14,"minecraft:torch":19,"minecraft:cornflower":1,"minecraft:wooden_axe":1,"minecraft:iron_leggings":1,"supplementaries:flax":5,"minecraft:wooden_sword":1,"mekanism:raw_lead":1,"farm_and_charm:onion":20,"minecraft:string":2,"twigs:twig":10,"minecraft:gravel":84,"biomesoplenty:toadstool":4,"twigs:rhyolite":11,"minecraft:stone_axe":2,"minecraft:iron_nugget":1,"hauntedharvest:rotten_apple":3,"minecraft:cobbled_deepslate":43,"minecraft:raw_copper":33,"aquaculture:perch":1,"minecraft:tuff":42,"minecraft:birch_sapling":2,"supplementaries:bomb":1,"minecraft:pointed_dripstone":4,"minecraft:rotten_flesh":2,"minecraft:iron_boots":1,"sophisticatedbackpacks:backpack":1,"minecraft:cooked_mutton":1,"malum:stripped_runewood_log":2,"mekanism:raw_tin":8,"autumnity:maple_sapling":10,"patchouli:guide_book":2,"minecraft:blast_furnace":1,"minecraft:poppy":2,"supplementaries:flax_seeds":5,"minecraft:hay_block":4,"minecraft:shield":2,"ecologics:walnut":1,"minecraft:iron_chestplate":1,"minecraft:andesite":20,"minecraft:oak_sapling":25,"valhelsia_structures:explorers_tent":1,"eccentrictome:tome":2,"minecraft:bow":4,"minecolonies:durum":3,"minecraft:stone_pickaxe":11,"immersiveengineering:seed":3,"structurize:sceptergold":1},"minecraft:crafted":{"malum:runewood_planks":20,"ecologics:walnut_planks":4,"quark:deepslate_furnace":2,"minecraft:iron_boots":2,"minecraft:ladder":12,"minecraft:stone_pickaxe":5,"sophisticatedbackpacks:iron_backpack":2,"sophisticatedbackpacks:backpack":1,"minecraft:crafting_table":2,"minecraft:iron_helmet":2,"minecraft:wooden_pickaxe":1,"minecraft:stone_axe":1,"minecraft:air":0,"biomesoplenty:fir_planks":100,"minecraft:oak_boat":1,"minecraft:iron_chestplate":2,"minecraft:shield":2,"minecraft:stick":38,"minecraft:iron_ingot":124,"minecraft:iron_pickaxe":1,"minecraft:wooden_axe":1,"minecraft:iron_block":2,"minecraft:iron_leggings":2,"minecraft:anvil":1},"minecraft:killed":{"embers:ancient_golem":1,"hunters_return:hunter":3,"minecraft:zombie":1,"minecraft:stray":5},"minecraft:used":{"minecraft:stone_sword":37,"minecraft:spruce_slab":1,"minecraft:stone_shovel":16,"minecraft:ladder":6,"minecraft:chest":10,"minecraft:cooked_chicken":1,"minecraft:torch":66,"minecraft:dirt":37,"minecraft:anvil":1,"minecraft:carrot":4,"minecraft:wooden_axe":198,"minecraft:oak_stairs":70,"minecraft:iron_axe":154,"quark:deepslate_furnace":2,"minecolonies:blockconstructiontape":1,"minecraft:golden_carrot":16,"minecraft:bow":7,"supplementaries:ash":6,"minecraft:cobbled_deepslate":28,"minecraft:cooked_mutton":1,"minecraft:stone_pickaxe":223,"minecraft:oak_planks":15,"minecraft:wooden_pickaxe":59,"minecraft:golden_apple":2,"minecraft:oak_slab":36,"minecraft:crafting_table":9,"supplementaries:bomb":4,"minecraft:blast_furnace":1,"minecraft:oak_log":4,"minecraft:iron_pickaxe":312,"minecraft:stone_axe":21,"minecraft:wooden_sword":14,"minecraft:cobblestone":132,"minecraft:oak_boat":1,"structurize:sceptergold":2},"minecraft:picked_up":{"minecraft:wooden_axe":1,"minecraft:crafting_table":7,"minecraft:wheat":7,"minecolonies:cabbage":1,"minecraft:oak_stairs":46,"minecraft:enchanted_book":1,"minecraft:shield":1,"brewery:whiskey_ak":1,"minecraft:cornflower":1,"minecraft:string":34,"minecraft:raw_copper":15,"ecologics:walnut_boat":1,"minecraft:wooden_sword":1,"twigs:opaline_seashell":1,"supplementaries:bomb":6,"minecraft:gold_nugget":25,"minecraft:cobbled_deepslate":145,"twigs:pebble":4,"minecolonies:eggplant":1,"minecraft:poppy":2,"minecraft:chest":4,"valhelsia_structures:light_gray_sleeping_bag":1,"minecraft:birch_sapling":2,"neapolitan:strawberry_pips":20,"minecraft:tipped_arrow":4,"minecraft:stick":2,"minecraft:raw_iron":49,"minecraft:oak_fence":2,"minecraft:oak_door":3,"ecologics:walnut_log":1,"botania:yellow_mystical_flower":4,"minecraft:torch":42,"sophisticatedbackpacks:backpack":2,"aquaculture:perch":1,"quark:deepslate_furnace":2,"farmersdelight:tomato_seeds":1,"structurize:sceptergold":1,"minecraft:pointed_dripstone":4,"minecraft:diorite":30,"minecraft:carrot":5,"supplementaries:flax":5,"valhelsia_structures:explorers_tent":1,"mekanism:raw_tin":4,"malum:stripped_runewood_log":2,"minecraft:arrow":18,"minecraft:rotten_flesh":2,"malum:natural_quartz":3,"embers:archaic_brick":9,"supplementaries:ash":6,"minecraft:cobblestone":274,"minecraft:oxeye_daisy":1,"minecraft:birch_log":7,"farmersdelight:rich_soil":3,"ecologics:walnut":1,"minecraft:cooked_beef":34,"mekanism:raw_lead":1,"minecraft:andesite":29,"minecraft:leather":11,"minecolonies:blockhutbuilder":1,"minecraft:red_mushroom":2,"minecraft:potato":24,"biomesoplenty:fir_sapling":8,"biomesoplenty:fir_log":25,"minecraft:flint":6,"minecraft:tuff":42,"minecraft:oak_log":92,"supplementaries:flax_seeds":26,"malum:runewood_log":5,"minecraft:cobblestone_stairs":28,"minecraft:lapis_lazuli":17,"malum:exposed_runewood_log":1,"minecraft:dirt":51,"minecolonies:blockminecoloniesrack":1,"domum_ornamentum:double_crossed":1,"minecraft:cooked_mutton":5,"farmersdelight:organic_compost":5,"minecraft:bone":5,"minecraft:apple":31,"minecraft:kelp":144,"minecraft:bow":3,"minecraft:wheat_seeds":8,"minecraft:oak_fence_gate":4,"minecraft:iron_ingot":7,"minecraft:stone_pickaxe":5,"minecraft:cooked_chicken":3,"aquaculture:minnow":1,"twigs:twig":17,"minecraft:oak_planks":16,"immersiveengineering:ingot_silver":2,"forbidden_arcanus:darkstone":45,"biomesoplenty:toadstool":4,"minecraft:oak_slab":33,"hauntedharvest:corn":29,"irons_spellbooks:frozen_bone":10,"malum:raw_soulstone":3,"minecraft:cooked_porkchop":9,"minecraft:dripstone_block":2,"minecraft:gravel":84,"minecolonies:durum":2,"minecraft:blast_furnace":1,"mekanism:raw_osmium":6,"farm_and_charm:tomato":4,"minecraft:diamond":1,"immersiveengineering:seed":10,"eccentrictome:tome":1,"autumnity:maple_sapling":10,"mekanism:fluorite_gem":6,"minecraft:granite":16,"minecraft:golden_apple":1,"minecraft:emerald":6,"minecolonies:blockconstructiontape":1,"minecraft:oak_sapling":25,"twigs:rhyolite":15,"minecraft:coal":105,"embers:ancient_motive_core":1},"minecraft:mined":{"minecraft:tuff":1,"farmersdelight:rich_soil":3,"minecraft:oak_door":3,"minecraft:cobblestone_stairs":8,"minecolonies:blockhutbuilder":1,"minecraft:carved_pumpkin":1,"minecraft:granite":8,"minecraft:grass_block":3,"twigs:twig":1,"minecraft:red_mushroom":2,"minecraft:kelp":2,"minecraft:oxeye_daisy":4,"malum:exposed_runewood_log":1,"minecraft:tall_seagrass":3,"minecolonies:blockminecoloniesrack":1,"minecolonies:blockconstructiontape":2,"biomesoplenty:toadstool":4,"minecraft:iron_ore":28,"minecraft:cobbled_deepslate":1,"minecraft:andesite":29,"minecraft:deepslate_lapis_ore":2,"minecraft:deepslate_iron_ore":20,"minecraft:dirt_path":1,"minecraft:oak_stairs":46,"malum:stripped_runewood_log":1,"minecraft:stone":229,"twigs:opaline_seashell":1,"minecraft:oak_slab":4,"valhelsia_structures:explorers_tent":1,"mekanism:osmium_ore":8,"farmersdelight:organic_compost":6,"minecraft:kelp_plant":22,"neapolitan:strawberry_bush":3,"minecraft:oak_fence":2,"minecraft:crafting_table":7,"minecraft:cornflower":1,"minecraft:torch":4,"minecraft:blast_furnace":1,"minecraft:poppy":1,"minecraft:chest":4,"mekanism:tin_ore":2,"minecraft:copper_ore":2,"minecraft:cobblestone":21,"minecraft:oak_planks":16,"minecraft:diorite":9,"minecraft:wall_torch":7,"supplementaries:urn":5,"minecraft:seagrass":1,"forbidden_arcanus:darkstone":45,"minecraft:birch_log":7,"biomesoplenty:fir_log":25,"quark:deepslate_furnace":2,"minecraft:grass":79,"minecraft:oak_log":84,"botania:yellow_mystical_flower":4,"minecraft:coal_ore":54,"minecraft:oak_fence_gate":7,"mekanism:deepslate_fluorite_ore":2,"minecraft:dirt":19,"minecraft:cobweb":39,"malum:runewood_log":26,"farm_and_charm:wild_tomatoes":1,"minecraft:oak_leaves":65,"minecraft:deepslate":106,"minecraft:fern":68},"minecraft:custom":{"lootr:looted_stat":11,"minecraft:interact_with_anvil":2,"minecraft:mob_kills":10,"goblintraders:trade_with_goblin":30,"minecraft:interact_with_crafting_table":36,"minecraft:leave_game":4,"minecraft:time_since_death":199094,"minecraft:climb_one_cm":6752,"minecraft:sprint_one_cm":308977,"minecraft:walk_one_cm":351893,"minecraft:drop":146,"minecraft:talked_to_villager":2,"minecraft:play_time":199094,"minecraft:sneak_time":4911,"minecraft:walk_under_water_one_cm":6614,"minecraft:boat_one_cm":48419,"minecraft:jump":1904,"minecraft:interact_with_blast_furnace":9,"minecraft:walk_on_water_one_cm":8715,"minecraft:total_world_time":199094,"minecraft:interact_with_furnace":30,"minecraft:time_since_rest":199094,"minecraft:damage_taken":1707,"minecraft:damage_dealt":1566,"minecraft:swim_one_cm":28532,"minecraft:fly_one_cm":289663,"minecraft:open_chest":20,"minecraft:crouch_one_cm":13091,"minecraft:fall_one_cm":43654},"minecraft:broken":{"minecraft:wooden_pickaxe":1,"minecraft:stone_pickaxe":1,"minecraft:iron_pickaxe":1,"minecraft:wooden_axe":1}},"DataVersion":3465}