{"stats":{"minecraft:dropped":{"berry_good:sweet_berry_pips":1,"pneumaticcraft:gun_ammo_ap":1,"minecraft:diamond":1,"malum:runewood_log":1,"aquaculture:minnow":1,"embers:ancient_motive_core":1,"minecraft:leather_helmet":2,"biomesoplenty:fir_sapling":8,"twigs:pebble":4,"minecraft:dirt":18,"tconstruct:materials_and_you":1,"minecolonies:blockminecoloniesrack":1,"minecraft:cornflower":1,"minecraft:wooden_sword":1,"supplementaries:flax":5,"minecraft:sand":107,"minecraft:iron_pickaxe":1,"twigs:twig":51,"minecraft:gravel":84,"biomesoplenty:toadstool":4,"minecraft:stone_axe":2,"minecraft:iron_nugget":1,"minecraft:cobbled_deepslate":43,"aquaculture:perch":1,"immersiveengineering:raw_silver":11,"minecraft:birch_sapling":5,"minecraft:pointed_dripstone":4,"minecraft:rotten_flesh":7,"minecraft:cooked_mutton":1,"malum:stripped_runewood_log":2,"mekanism:raw_tin":16,"autumnity:maple_sapling":14,"patchouli:guide_book":2,"minecraft:poppy":3,"supplementaries:flax_seeds":5,"minecraft:ladder":1,"valhelsia_structures:explorers_tent":1,"immersiveengineering:seed":3,"structurize:sceptergold":2,"minecraft:iron_ingot":11,"botania:yellow_mystical_flower":4,"minecraft:wheat_seeds":9,"minecraft:dripstone_block":2,"minecraft:iron_helmet":1,"minecraft:cobblestone":19,"minecraft:apple":2,"minecraft:granite":8,"minecraft:golden_apple":1,"minecolonies:blockhutbuilder":1,"minecraft:stick":1,"minecraft:lava_bucket":2,"embers:archaic_brick":9,"minecraft:golden_carrot":14,"minecraft:diorite":30,"minecraft:torch":19,"minecraft:wooden_axe":1,"minecraft:iron_leggings":1,"mekanism:raw_lead":1,"farm_and_charm:onion":20,"minecraft:string":14,"create:raw_zinc":12,"minecraft:spruce_sapling":29,"minecraft:redstone":62,"twigs:rhyolite":11,"minecraft:stone_sword":1,"minecraft:raw_copper":94,"hauntedharvest:rotten_apple":7,"minecraft:tuff":42,"supplementaries:bomb":1,"minecraft:raw_iron":13,"minecraft:iron_boots":1,"alexscaves:cave_codex":7,"sophisticatedbackpacks:backpack":1,"minecraft:blast_furnace":1,"minecraft:hay_block":4,"minecraft:shield":2,"ecologics:walnut":1,"some_assembly_required:sandwich":1,"minecraft:iron_chestplate":1,"minecraft:andesite":184,"minecraft:oak_sapling":76,"eccentrictome:tome":3,"minecraft:bow":4,"minecolonies:durum":3,"minecraft:stone_pickaxe":11,"minecraft:raw_gold":81},"minecraft:crafted":{"minecraft:oak_planks":76,"ecologics:walnut_planks":4,"quark:deepslate_furnace":2,"minecraft:iron_boots":2,"domum_ornamentum:blockpillar":6,"domum_ornamentum:blockbarreldeco_onside":6,"sophisticatedbackpacks:backpack":1,"minecraft:emerald":48,"minecraft:crafting_table":2,"minecraft:spruce_planks":176,"minecraft:wooden_pickaxe":1,"minecraft:iron_helmet":2,"minecraft:spruce_door":3,"minecraft:gold_block":1,"biomesoplenty:fir_planks":100,"minecraft:iron_chestplate":2,"minecraft:shield":2,"minecraft:stick":74,"minecraft:iron_ingot":124,"minecraft:iron_pickaxe":1,"minecraft:iron_block":2,"minecraft:gold_ingot":12,"simpleplanes:helicopter":1,"malum:runewood_planks":20,"minecraft:jukebox":1,"simpleplanes:plane_workbench":1,"alexscaves:cave_map":1,"minecraft:spruce_stairs":4,"minecraft:ladder":12,"minecraft:stone_pickaxe":5,"simpleplanes:propeller":6,"sophisticatedbackpacks:iron_backpack":2,"minecraft:music_disc_mellohi":1,"minecraft:stone_axe":1,"minecraft:music_disc_chirp":1,"minecraft:air":0,"minecraft:oak_boat":1,"simpleplanes:cargo_plane":1,"minecraft:wooden_axe":1,"minecraft:iron_leggings":2,"minecraft:anvil":1},"minecraft:killed":{"embers:ancient_golem":1,"hunters_return:hunter":3,"minecraft:zombie":4,"minecraft:stray":5,"mekanismadditions:baby_skeleton":1},"minecraft:used":{"valhelsia_structures:unlit_lantern":1,"minecraft:spruce_slab":1,"minecraft:ladder":8,"minecraft:chest":10,"minecraft:carrot":4,"quark:deepslate_furnace":2,"minecraft:music_disc_chirp":1,"minecolonies:blockconstructiontape":1,"minecraft:stone_bricks":3,"simpleplanes:plane":1,"minecraft:bow":7,"supplementaries:ash":6,"minecraft:egg":3,"domum_ornamentum:architectscutter":1,"minecraft:stone_pickaxe":223,"minecraft:oak_planks":15,"minecraft:wooden_pickaxe":59,"minecraft:golden_apple":2,"minecraft:sand":1,"alexscaves:cave_book":2,"minecraft:blast_furnace":1,"some_assembly_required:sandwich":2,"domum_ornamentum:blockpillar":3,"simpleplanes:plane_workbench":1,"simpleplanes:large_plane":1,"minecraft:wooden_sword":14,"minecraft:oak_boat":1,"botania:light_gray_mystical_flower":2,"minecraft:oak_fence":1,"minecraft:stone_sword":42,"minecraft:stone_shovel":59,"minecraft:spruce_planks":1,"valhelsia_structures:light_gray_sleeping_bag":4,"minecraft:cooked_chicken":1,"minecraft:torch":101,"minecraft:dirt":37,"minecraft:anvil":1,"minecraft:music_disc_mellohi":1,"minecraft:wooden_axe":198,"valhelsia_structures:explorers_tent":8,"minecraft:iron_axe":869,"minecraft:oak_stairs":74,"alexscaves:spelunkery_table":2,"minecraft:golden_carrot":25,"simpleplanes:cargo_plane":4,"minecraft:cobbled_deepslate":28,"minecraft:cooked_mutton":1,"minecraft:water_bucket":3,"simpleplanes:helicopter":1,"minecraft:mossy_cobblestone":1,"minecraft:oak_slab":36,"minecraft:crafting_table":9,"supplementaries:bomb":4,"minecraft:oak_log":4,"minecraft:diamond_pickaxe":5,"minecraft:iron_pickaxe":882,"domum_ornamentum:blockbarreldeco_onside":1,"minecraft:stone_axe":21,"minecraft:cobblestone":140,"minecraft:jukebox":1,"structurize:sceptergold":10},"minecraft:picked_up":{"minecraft:wooden_axe":1,"minecraft:wheat":7,"minecolonies:cabbage":1,"autumnity:maple_log":5,"minecraft:oak_stairs":47,"minecraft:enchanted_book":1,"brewery:whiskey_ak":1,"minecraft:string":34,"minecraft:raw_copper":76,"ecologics:walnut_boat":1,"minecraft:cobbled_deepslate":164,"minecraft:gold_nugget":25,"twigs:pebble":10,"minecraft:spruce_planks":1,"minecolonies:eggplant":1,"valhelsia_structures:light_gray_sleeping_bag":3,"neapolitan:strawberry_pips":20,"minecraft:tipped_arrow":4,"minecraft:stick":3,"ecologics:walnut_log":1,"minecraft:oak_fence":2,"minecraft:torch":43,"botania:yellow_mystical_flower":4,"minecraft:pointed_dripstone":4,"minecraft:diorite":35,"supplementaries:flax":5,"mekanism:raw_tin":12,"malum:stripped_runewood_log":2,"minecraft:rotten_flesh":7,"botania:light_gray_mystical_flower":2,"supplementaries:ash":6,"minecraft:obsidian":1,"simpleplanes:cargo_plane":3,"minecraft:cobblestone":531,"minecraft:birch_log":32,"ecologics:walnut":1,"minecraft:cooked_beef":34,"minecraft:andesite":165,"minecraft:potato":24,"biomesoplenty:fir_sapling":8,"biomesoplenty:fir_log":25,"minecraft:flint":7,"create:raw_zinc":12,"minecraft:tuff":42,"minecolonies:blockhutbuilder":1,"supplementaries:flax_seeds":27,"minecraft:lapis_lazuli":17,"minecraft:dirt":164,"minecolonies:blockminecoloniesrack":1,"minecraft:bone":15,"minecraft:bow":3,"minecraft:wheat_seeds":11,"minecraft:raw_gold":42,"twigs:twig":63,"minecraft:oak_planks":19,"biomesoplenty:toadstool":4,"simpleplanes:plane":1,"minecraft:cooked_porkchop":9,"malum:raw_soulstone":3,"irons_spellbooks:frozen_bone":10,"berry_good:sweet_berry_pips":1,"minecraft:sand":30,"minecolonies:durum":2,"sophisticatedbackpacks:iron_backpack":1,"domum_ornamentum:blockpillar":3,"minecraft:mossy_cobblestone":1,"farm_and_charm:tomato":4,"some_assembly_required:sandwich":3,"eccentrictome:tome":1,"minecraft:diamond":3,"autumnity:maple_sapling":14,"minecraft:granite":44,"minecraft:golden_apple":1,"minecraft:emerald":6,"minecraft:oak_sapling":81,"twigs:rhyolite":40,"valhelsia_structures:unlit_lantern":1,"embers:ancient_motive_core":1,"minecraft:crafting_table":8,"minecraft:ladder":1,"minecraft:shield":1,"minecraft:cornflower":1,"minecraft:wooden_sword":1,"twigs:opaline_seashell":1,"supplementaries:bomb":6,"minecraft:poppy":3,"minecraft:chest":4,"minecraft:birch_sapling":5,"minecraft:egg":3,"minecraft:raw_iron":62,"minecraft:oak_door":3,"sophisticatedbackpacks:backpack":2,"minecraft:music_disc_mellohi":1,"aquaculture:perch":1,"quark:deepslate_furnace":2,"farmersdelight:tomato_seeds":1,"structurize:sceptergold":3,"minecraft:carrot":5,"valhelsia_structures:explorers_tent":7,"minecraft:tnt":3,"minecraft:arrow":19,"malum:natural_quartz":3,"alexscaves:spelunkery_table":1,"embers:archaic_brick":9,"minecraft:oxeye_daisy":1,"minecraft:stripped_oak_log":1,"farmersdelight:rich_soil":3,"mekanism:raw_lead":1,"minecraft:leather":11,"minecraft:red_mushroom":2,"minecraft:oak_log":270,"malum:runewood_log":5,"minecraft:cobblestone_stairs":28,"malum:exposed_runewood_log":1,"farmersdelight:organic_compost":5,"domum_ornamentum:double_crossed":1,"minecraft:cooked_mutton":5,"minecraft:apple":35,"minecraft:stone_bricks":3,"minecraft:kelp":144,"minecraft:iron_ingot":8,"minecraft:oak_fence_gate":4,"minecraft:stone_pickaxe":5,"minecraft:cooked_chicken":3,"aquaculture:minnow":1,"forbidden_arcanus:darkstone":45,"immersiveengineering:ingot_silver":2,"minecraft:music_disc_chirp":1,"minecraft:oak_slab":33,"hauntedharvest:corn":29,"minecraft:dripstone_block":2,"minecraft:gravel":93,"minecraft:spruce_sapling":29,"minecraft:blast_furnace":1,"botania:lime_mushroom":1,"minecraft:spruce_log":141,"mekanism:raw_osmium":6,"hauntedharvest:rotten_apple":4,"immersiveengineering:seed":12,"mekanism:fluorite_gem":6,"minecolonies:blockconstructiontape":1,"minecraft:coal":108,"immersiveengineering:raw_silver":11},"minecraft:mined":{"valhelsia_structures:light_gray_sleeping_bag":2,"minecraft:spruce_planks":1,"farmersdelight:rich_soil":3,"minecraft:cobblestone_stairs":8,"minecraft:obsidian":1,"minecraft:carved_pumpkin":1,"minecraft:granite":43,"minecraft:grass_block":35,"twigs:twig":2,"autumnity:maple_log":5,"minecraft:oxeye_daisy":4,"botania:light_gray_mystical_flower":2,"minecraft:tall_seagrass":3,"minecolonies:blockconstructiontape":2,"minecraft:iron_ore":41,"minecraft:cobbled_deepslate":1,"immersiveengineering:deepslate_ore_silver":10,"minecraft:deepslate_lapis_ore":2,"domum_ornamentum:blockpillar":3,"minecraft:dirt_path":1,"minecraft:oak_stairs":47,"malum:stripped_runewood_log":1,"valhelsia_structures:explorers_tent":7,"mekanism:osmium_ore":8,"farmersdelight:organic_compost":6,"minecraft:kelp_plant":22,"minecraft:torch":4,"minecraft:blast_furnace":1,"minecraft:poppy":2,"minecraft:chest":4,"mekanism:tin_ore":10,"minecraft:cobblestone":21,"minecraft:oak_planks":20,"minecraft:wall_torch":7,"minecraft:seagrass":1,"valhelsia_structures:bone_pile":8,"forbidden_arcanus:darkstone":45,"minecraft:birch_log":37,"minecraft:tnt":3,"biomesoplenty:fir_log":25,"minecraft:grass":88,"minecraft:oak_log":262,"minecraft:oak_fence_gate":7,"minecraft:sand":30,"minecraft:dirt":100,"twigs:rhyolite":25,"minecraft:oak_leaves":330,"minecraft:deepslate":125,"create:zinc_ore":12,"alexscaves:spelunkery_table":1,"minecraft:tuff":1,"minecraft:mossy_cobblestone":1,"minecraft:oak_door":3,"minecolonies:blockhutbuilder":1,"minecraft:spruce_leaves":77,"minecraft:kelp":2,"minecraft:moss_block":1,"minecraft:red_mushroom":2,"immersiveengineering:ore_silver":1,"minecraft:large_fern":1,"malum:exposed_runewood_log":1,"biomesoplenty:toadstool":4,"minecolonies:blockminecoloniesrack":1,"valhelsia_structures:cracked_big_glazed_jar":1,"minecraft:andesite":65,"minecraft:deepslate_iron_ore":21,"minecraft:stripped_oak_log":1,"minecraft:stone":486,"twigs:opaline_seashell":1,"minecraft:oak_slab":4,"valhelsia_structures:unlit_lantern":1,"botania:lime_mushroom":1,"neapolitan:strawberry_bush":3,"minecraft:oak_fence":2,"minecraft:crafting_table":8,"minecraft:cornflower":1,"minecraft:copper_ore":22,"minecraft:diorite":14,"supplementaries:urn":6,"minecraft:birch_planks":1,"minecraft:sweet_berry_bush":1,"minecraft:spruce_log":141,"minecraft:birch_leaves":3,"incubation:twig_chicken_nest":1,"quark:deepslate_furnace":2,"minecraft:coal_ore":57,"botania:yellow_mystical_flower":4,"valhelsia_structures:cracked_glazed_jar":1,"minecraft:gravel":10,"mekanism:deepslate_fluorite_ore":2,"minecraft:cobweb":39,"minecraft:stone_bricks":3,"malum:runewood_log":26,"farm_and_charm:wild_tomatoes":1,"minecraft:fern":70},"minecraft:custom":{"lootr:looted_stat":14,"minecraft:interact_with_crafting_table":52,"goblintraders:trade_with_goblin":84,"minecraft:leave_game":4,"minecraft:time_since_death":63779,"minecraft:sprint_one_cm":511688,"minecraft:drop":198,"minecraft:talked_to_villager":2,"minecraft:play_time":343094,"minecraft:deaths":1,"minecraft:jump":2805,"minecraft:walk_on_water_one_cm":11664,"minecraft:interact_with_furnace":32,"minecraft:play_record":2,"minecraft:interact_with_loom":6,"minecraft:damage_dealt":2355,"minecraft:crouch_one_cm":14252,"minecraft:mob_kills":14,"minecraft:interact_with_anvil":5,"minecraft:climb_one_cm":7637,"minecraft:walk_one_cm":492658,"minecraft:sneak_time":5388,"minecraft:walk_under_water_one_cm":6843,"minecraft:boat_one_cm":48419,"minecraft:interact_with_blast_furnace":11,"some_assembly_required:sandwiches_eaten":1,"minecraft:total_world_time":343094,"minecraft:time_since_rest":63836,"minecraft:damage_taken":2324,"minecraft:swim_one_cm":29125,"minecraft:fly_one_cm":462658,"minecraft:open_chest":94,"minecraft:fall_one_cm":62953},"minecraft:broken":{"minecraft:stone_pickaxe":1,"minecraft:wooden_axe":1,"minecraft:wooden_pickaxe":1,"minecraft:iron_axe":5,"minecraft:iron_pickaxe":3}},"DataVersion":3465}