{"stats":{"minecraft:killed":{"ars_nouveau:drygmy":1,"alexsmobs:skunk":1,"hunters_return:hunter":2,"minecraft:sheep":4,"aquaculture:minnow":1,"aquaculture:perch":2},"minecraft:crafted":{"minecraft:crafting_table":1,"minecraft:wooden_pickaxe":1,"ecologics:walnut_planks":12,"minecraft:stone_axe":1,"minecraft:stick":6,"minecraft:stone_pickaxe":1,"ecologics:walnut_boat":1},"minecraft:picked_up":{"minecraft:crafting_table":1,"ecologics:walnut":5,"minecraft:potato":18,"botania:green_double_flower":1,"supplementaries:flax_seeds":21,"malum:runewood_log":3,"farm_and_charm:onion":20,"minecraft:raw_copper":23,"ecologics:walnut_boat":2,"ecologics:walnut_sapling":2,"minecraft:kelp":40,"minecraft:wheat_seeds":1,"candlelight:rose":1,"computercraft:computer_advanced":1,"aquaculture:minnow":1,"twigs:twig":3,"minecraft:sugar_cane":8,"neapolitan:strawberry_pips":17,"computercraft:printer":1,"minecraft:cooked_porkchop":4,"ecologics:walnut_log":3,"computercraft:monitor_advanced":1,"minecraft:dripstone_block":2,"aquaculture:perch":1,"minecolonies:durum":1,"botania:lime_double_flower":1,"minecraft:pointed_dripstone":4,"minecraft:blast_furnace":1,"supplementaries:flax":6,"valhelsia_structures:explorers_tent":1,"valhelsia_structures:white_sleeping_bag":1,"minecraft:leather_helmet":1,"minecraft:arrow":8,"botania:lime_mystical_flower":3,"immersiveengineering:seed":2,"minecraft:hay_block":4,"minecraft:carved_pumpkin":2,"minecraft:emerald":5,"minecraft:black_wool":2,"botania:green_mystical_flower":1,"minecraft:mutton":7,"minecraft:white_wool":3,"minecraft:cobblestone":25},"minecraft:mined":{"botania:green_mystical_flower":1,"valhelsia_structures:explorers_tent":1,"botania:lime_mystical_flower":3,"neapolitan:strawberry_bush":17,"computercraft:computer_advanced":1,"minecraft:carved_pumpkin":1,"minecraft:crafting_table":1,"botania:green_double_flower":1,"minecraft:blast_furnace":1,"farm_and_charm:wild_potatoes":4,"minecraft:copper_ore":6,"minecraft:tall_grass":3,"biomesoplenty:sprout":1,"minecraft:sugar_cane":5,"candlelight:rose":1,"minecraft:hay_block":4,"farm_and_charm:wild_onions":5,"supplementaries:flax":15,"minecraft:fire":1,"botania:lime_double_flower":1,"minecraft:grass":28,"computercraft:monitor_advanced":1,"minecraft:pointed_dripstone":2,"minecraft:dripstone_block":2,"computercraft:printer":1,"ecologics:walnut_log":4,"minecraft:stone":28,"malum:runewood_log":3,"minecraft:oak_leaves":2},"minecraft:used":{"minecraft:carved_pumpkin":2,"minecraft:stone_pickaxe":40,"minecraft:wooden_pickaxe":3,"ecologics:walnut_sapling":1,"minecraft:crafting_table":2,"minecolonies:durum":1,"ecologics:walnut_boat":2,"minecraft:leather_helmet":1,"minecraft:stone_axe":52,"minecraft:golden_carrot":4,"minecraft:bow":3},"minecraft:custom":{"lootr:looted_stat":12,"minecraft:mob_kills":11,"minecraft:interact_with_crafting_table":4,"minecraft:bell_ring":13,"minecraft:leave_game":3,"minecraft:time_since_death":39311,"minecraft:climb_one_cm":1739,"minecraft:time_since_rest":39311,"minecraft:sprint_one_cm":110508,"minecraft:damage_taken":240,"minecraft:walk_one_cm":65336,"minecraft:drop":65,"minecraft:damage_dealt":1213,"minecraft:swim_one_cm":9950,"minecraft:talked_to_villager":2,"minecraft:fly_one_cm":150807,"minecraft:play_time":39311,"minecraft:crouch_one_cm":1188,"minecraft:sneak_time":687,"minecraft:walk_under_water_one_cm":4068,"minecraft:boat_one_cm":47527,"minecraft:jump":549,"minecraft:walk_on_water_one_cm":4901,"minecraft:total_world_time":39311,"minecraft:fall_one_cm":16265},"minecraft:dropped":{"farmersdelight:tomato_seeds":1,"minecraft:kelp":40,"minecraft:wheat_seeds":1,"neapolitan:strawberry_pips":17,"minecraft:cooked_beef":30,"aquaculture:perch":1,"minecraft:dripstone_block":2,"minecraft:cooked_porkchop":4,"minecraft:wheat":7,"minecraft:pointed_dripstone":4,"minecraft:beetroot":9,"ecologics:walnut_sapling":1,"aquaculture:minnow":1,"minecraft:leather":11,"minecraft:apple":29,"hauntedharvest:corn":29,"minecraft:carrot":5,"minecraft:coal":12,"minecraft:emerald":5,"supplementaries:flax_seeds":21,"minecraft:potato":24,"botania:green_double_flower":1,"ecologics:walnut":5,"candlelight:rose":1,"supplementaries:flax":6,"immersiveengineering:seed":2,"ecologics:walnut_boat":1,"minecraft:black_wool":2}},"DataVersion":3465}