{"stats":{"minecraft:killed":{"hunters_return:hunter":3},"minecraft:crafted":{"malum:runewood_planks":20,"sophisticatedbackpacks:backpack":1,"minecraft:crafting_table":1,"ecologics:walnut_planks":4,"minecraft:stick":4,"minecraft:wooden_axe":1},"minecraft:mined":{"valhelsia_structures:explorers_tent":1,"farmersdelight:rich_soil":3,"farmersdelight:organic_compost":6,"minecraft:kelp_plant":22,"neapolitan:strawberry_bush":3,"minecraft:carved_pumpkin":1,"minecraft:crafting_table":2,"minecraft:red_mushroom":2,"minecraft:kelp":2,"malum:exposed_runewood_log":1,"minecraft:seagrass":1,"minecraft:tall_seagrass":3,"minecraft:dirt_path":1,"minecraft:cobweb":2,"malum:runewood_log":4,"farm_and_charm:wild_tomatoes":1,"twigs:opaline_seashell":1,"minecraft:oak_leaves":1},"minecraft:picked_up":{"minecraft:wheat":7,"farmersdelight:rich_soil":3,"minecraft:crafting_table":2,"ecologics:walnut":1,"minecraft:cooked_beef":34,"minecraft:leather":11,"minecraft:red_mushroom":2,"minecraft:potato":24,"supplementaries:flax_seeds":21,"malum:runewood_log":4,"malum:exposed_runewood_log":1,"minecraft:dirt":1,"minecraft:string":2,"minecraft:wooden_sword":1,"ecologics:walnut_boat":1,"minecraft:cooked_mutton":5,"farmersdelight:organic_compost":5,"twigs:opaline_seashell":1,"minecraft:apple":29,"minecraft:kelp":144,"minecraft:wheat_seeds":3,"minecraft:cooked_chicken":3,"aquaculture:minnow":1,"valhelsia_structures:light_gray_sleeping_bag":1,"neapolitan:strawberry_pips":20,"hauntedharvest:corn":29,"minecraft:cooked_porkchop":9,"ecologics:walnut_log":1,"minecraft:dripstone_block":2,"aquaculture:perch":1,"farmersdelight:tomato_seeds":1,"minecraft:pointed_dripstone":4,"minecraft:carrot":5,"supplementaries:flax":5,"valhelsia_structures:explorers_tent":1,"farm_and_charm:tomato":4,"minecraft:arrow":11,"immersiveengineering:seed":2,"minecraft:emerald":4,"minecraft:coal":12},"minecraft:used":{"minecraft:cooked_mutton":1,"minecraft:stone_shovel":11,"minecraft:cooked_chicken":1,"minecraft:dirt":1,"minecraft:crafting_table":2,"minecraft:carrot":4,"minecraft:wooden_axe":14,"minecraft:wooden_sword":14,"minecraft:golden_carrot":1,"minecraft:bow":7},"minecraft:custom":{"lootr:looted_stat":11,"minecraft:mob_kills":3,"minecraft:interact_with_crafting_table":3,"minecraft:leave_game":2,"minecraft:time_since_death":61030,"minecraft:climb_one_cm":3295,"minecraft:time_since_rest":61030,"minecraft:sprint_one_cm":81161,"minecraft:damage_taken":365,"minecraft:walk_one_cm":123741,"minecraft:drop":9,"minecraft:damage_dealt":584,"minecraft:swim_one_cm":22669,"minecraft:talked_to_villager":1,"minecraft:fly_one_cm":134519,"minecraft:crouch_one_cm":1258,"minecraft:play_time":61030,"minecraft:sneak_time":470,"minecraft:walk_under_water_one_cm":5375,"minecraft:boat_one_cm":48419,"minecraft:jump":663,"minecraft:walk_on_water_one_cm":7207,"minecraft:total_world_time":61030,"minecraft:fall_one_cm":16844},"minecraft:dropped":{"minecraft:wheat_seeds":2,"hauntedharvest:rotten_apple":3,"minecraft:cooked_mutton":1,"minecraft:leather_helmet":1,"ecologics:walnut":1,"minecraft:bow":1}},"DataVersion":3465}