{
  "create:root": {
    "criteria": {
      "0": "2025-06-05 15:07:03 +0000"
    },
    "done": true
  },
  "herbalbrews:main/root": {
    "criteria": {
      "seeds": "2025-06-05 15:07:03 +0000"
    },
    "done": true
  },
  "vinery:main/root": {
    "criteria": {
      "seeds": "2025-06-05 15:07:03 +0000"
    },
    "done": true
  },
  "farmersdelight:main/root": {
    "criteria": {
      "seeds": "2025-06-05 15:07:03 +0000"
    },
    "done": true
  },
  "bakery:main/root": {
    "criteria": {
      "seeds": "2025-06-05 15:07:03 +0000"
    },
    "done": true
  },
  "brewery:main/root": {
    "criteria": {
      "seeds": "2025-06-05 15:07:03 +0000"
    },
    "done": true
  },
  "xercamusic:achievements/root": {
    "criteria": {
      "crafting_table": "2025-06-05 15:07:03 +0000"
    },
    "done": true
  },
  "candlelight:main/root": {
    "criteria": {
      "seeds": "2025-06-05 15:07:03 +0000"
    },
    "done": true
  },
  "farm_and_charm:main/find_wild_crops": {
    "criteria": {
      "oat": "2025-06-05 15:07:03 +0000",
      "wild_strawberry": "2025-06-05 15:07:03 +0000",
      "corn": "2025-06-05 15:07:03 +0000",
      "onion": "2025-06-05 15:07:03 +0000",
      "wild_corn": "2025-06-05 15:07:03 +0000",
      "wild_ribwort": "2025-06-05 15:07:03 +0000",
      "strawberry": "2025-06-05 15:07:03 +0000",
      "wild_nettle": "2025-06-05 15:07:03 +0000",
      "barley": "2025-06-05 15:07:03 +0000",
      "tomato": "2025-06-05 15:07:03 +0000",
      "lettuce": "2025-06-05 15:07:03 +0000",
      "wild_lettuce": "2025-06-05 15:07:03 +0000",
      "wild_tomatoes": "2025-06-05 15:07:03 +0000",
      "oat_seeds": "2025-06-05 15:07:03 +0000",
      "tomato_seeds": "2025-06-05 15:07:03 +0000",
      "barley_seeds": "2025-06-05 15:07:03 +0000",
      "strawberry_seeds": "2025-06-05 15:07:03 +0000",
      "lettuce_seeds": "2025-06-05 15:07:03 +0000",
      "kernels": "2025-06-05 15:07:03 +0000",
      "wild_barley": "2025-06-05 15:07:03 +0000",
      "wild_onion": "2025-06-05 15:07:03 +0000",
      "wild_oat": "2025-06-05 15:07:03 +0000"
    },
    "done": true
  },
  "comforts:sleeping_bag_pink": {
    "criteria": {
      "has_the_recipe": "2025-06-05 15:07:04 +0000"
    },
    "done": true
  },
  "comforts:hammock_magenta": {
    "criteria": {
      "has_the_recipe": "2025-06-05 15:07:04 +0000"
    },
    "done": true
  },
  "comforts:rope_and_nail": {
    "criteria": {
      "has_the_recipe": "2025-06-05 15:07:04 +0000"
    },
    "done": true
  },
  "comforts:sleeping_bag_cyan": {
    "criteria": {
      "has_the_recipe": "2025-06-05 15:07:04 +0000"
    },
    "done": true
  },
  "comforts:sleeping_bag_light_gray": {
    "criteria": {
      "has_the_recipe": "2025-06-05 15:07:04 +0000"
    },
    "done": true
  },
  "comforts:hammock_gray": {
    "criteria": {
      "has_the_recipe": "2025-06-05 15:07:04 +0000"
    },
    "done": true
  },
  "undergarden:undergarden/root": {
    "criteria": {
      "tick": "2025-06-05 15:07:04 +0000"
    },
    "done": true
  },
  "comforts:sleeping_bag_magenta": {
    "criteria": {
      "has_the_recipe": "2025-06-05 15:07:04 +0000"
    },
    "done": true
  },
  "naturescompass:natures_compass": {
    "criteria": {
      "has_recipe": "2025-06-05 15:07:04 +0000"
    },
    "done": true
  },
  "comforts:sleeping_bag_black": {
    "criteria": {
      "has_the_recipe": "2025-06-05 15:07:04 +0000"
    },
    "done": true
  },
  "comforts:sleeping_bag_red": {
    "criteria": {
      "has_the_recipe": "2025-06-05 15:07:04 +0000"
    },
    "done": true
  },
  "mekanism:root": {
    "criteria": {
      "automatic": "2025-06-05 15:07:04 +0000"
    },
    "done": true
  },
  "mowziesmobs:root": {
    "criteria": {
      "custom_test_name": "2025-06-05 15:07:04 +0000"
    },
    "done": true
  },
  "comforts:sleeping_bag_brown": {
    "criteria": {
      "has_the_recipe": "2025-06-05 15:07:04 +0000"
    },
    "done": true
  },
  "lootr:root": {
    "criteria": {
      "always_true": "2025-06-05 15:07:04 +0000"
    },
    "done": true
  },
  "comforts:hammock_brown": {
    "criteria": {
      "has_the_recipe": "2025-06-05 15:07:04 +0000"
    },
    "done": true
  },
  "betterdeserttemples:root": {
    "criteria": {
      "always": "2025-06-05 15:07:04 +0000"
    },
    "done": true
  },
  "comforts:sleeping_bag_light_blue": {
    "criteria": {
      "has_the_recipe": "2025-06-05 15:07:04 +0000"
    },
    "done": true
  },
  "comforts:hammock_purple": {
    "criteria": {
      "has_the_recipe": "2025-06-05 15:07:04 +0000"
    },
    "done": true
  },
  "comforts:hammock_red": {
    "criteria": {
      "has_the_recipe": "2025-06-05 15:07:04 +0000"
    },
    "done": true
  },
  "comforts:sleeping_bag_white": {
    "criteria": {
      "has_the_recipe": "2025-06-05 15:07:04 +0000"
    },
    "done": true
  },
  "comforts:sleeping_bag_gray": {
    "criteria": {
      "has_the_recipe": "2025-06-05 15:07:04 +0000"
    },
    "done": true
  },
  "comforts:hammock_black": {
    "criteria": {
      "has_the_recipe": "2025-06-05 15:07:04 +0000"
    },
    "done": true
  },
  "yungscavebiomes:root": {
    "criteria": {
      "always": "2025-06-05 15:07:04 +0000"
    },
    "done": true
  },
  "naturescompass:natures_compass_log": {
    "criteria": {
      "has_recipe": "2025-06-05 15:07:04 +0000"
    },
    "done": true
  },
  "comforts:hammock_cyan": {
    "criteria": {
      "has_the_recipe": "2025-06-05 15:07:04 +0000"
    },
    "done": true
  },
  "comforts:sleeping_bag_purple": {
    "criteria": {
      "has_the_recipe": "2025-06-05 15:07:04 +0000"
    },
    "done": true
  },
  "comforts:sleeping_bag_green": {
    "criteria": {
      "has_the_recipe": "2025-06-05 15:07:04 +0000"
    },
    "done": true
  },
  "comforts:hammock_light_blue": {
    "criteria": {
      "has_the_recipe": "2025-06-05 15:07:04 +0000"
    },
    "done": true
  },
  "comforts:hammock_green": {
    "criteria": {
      "has_the_recipe": "2025-06-05 15:07:04 +0000"
    },
    "done": true
  },
  "comforts:hammock_lime": {
    "criteria": {
      "has_the_recipe": "2025-06-05 15:07:04 +0000"
    },
    "done": true
  },
  "naturescompass:natures_compass_sapling": {
    "criteria": {
      "has_recipe": "2025-06-05 15:07:04 +0000"
    },
    "done": true
  },
  "comforts:sleeping_bag_orange": {
    "criteria": {
      "has_the_recipe": "2025-06-05 15:07:04 +0000"
    },
    "done": true
  },
  "comforts:hammock_blue": {
    "criteria": {
      "has_the_recipe": "2025-06-05 15:07:04 +0000"
    },
    "done": true
  },
  "comforts:hammock_white": {
    "criteria": {
      "has_the_recipe": "2025-06-05 15:07:04 +0000"
    },
    "done": true
  },
  "comforts:hammock_light_gray": {
    "criteria": {
      "has_the_recipe": "2025-06-05 15:07:04 +0000"
    },
    "done": true
  },
  "betterdungeons:root": {
    "criteria": {
      "always": "2025-06-05 15:07:04 +0000"
    },
    "done": true
  },
  "comforts:hammock_pink": {
    "criteria": {
      "has_the_recipe": "2025-06-05 15:07:04 +0000"
    },
    "done": true
  },
  "comforts:sleeping_bag_lime": {
    "criteria": {
      "has_the_recipe": "2025-06-05 15:07:04 +0000"
    },
    "done": true
  },
  "comforts:hammock_yellow": {
    "criteria": {
      "has_the_recipe": "2025-06-05 15:07:04 +0000"
    },
    "done": true
  },
  "comforts:sleeping_bag_blue": {
    "criteria": {
      "has_the_recipe": "2025-06-05 15:07:04 +0000"
    },
    "done": true
  },
  "comforts:sleeping_bag_yellow": {
    "criteria": {
      "has_the_recipe": "2025-06-05 15:07:04 +0000"
    },
    "done": true
  },
  "comforts:hammock_orange": {
    "criteria": {
      "has_the_recipe": "2025-06-05 15:07:04 +0000"
    },
    "done": true
  },
  "farm_and_charm:main/root": {
    "criteria": {
      "example_criterion": "2025-06-05 15:07:05 +0000"
    },
    "done": true
  },
  "vinery:main/fruits_of_the_field": {
    "criteria": {
      "fruits_of_the_field": "2025-06-05 15:07:05 +0000"
    },
    "done": true
  },
  "minecraft:adventure/adventuring_time": {
    "criteria": {
      "minecraft:taiga": "2025-06-06 14:23:57 +0000",
      "minecraft:beach": "2025-06-06 13:46:13 +0000",
      "minecraft:river": "2025-06-05 15:16:27 +0000",
      "minecraft:cold_ocean": "2025-06-05 15:18:57 +0000",
      "minecraft:forest": "2025-06-05 15:16:25 +0000",
      "autumnity:autumnity:maple_forest": "2025-06-06 14:22:00 +0000",
      "minecraft:ocean": "2025-06-05 15:18:53 +0000",
      "atmospheric:atmospheric:kousa_jungle": "2025-06-06 15:17:14 +0000",
      "minecraft:windswept_gravelly_hills": "2025-06-05 15:11:27 +0000",
      "minecraft:plains": "2025-06-05 15:07:05 +0000"
    },
    "done": false
  },
  "beachparty:main/root": {
    "criteria": {
      "example_criterion": "2025-06-05 15:07:05 +0000"
    },
    "done": true
  },
  "minecraft:husbandry/plant_seed": {
    "criteria": {
      "supplementaries:flax": "2025-06-05 15:09:20 +0000"
    },
    "done": true
  },
  "lootr:1chest": {
    "criteria": {
      "opened_chest": "2025-06-05 15:09:31 +0000"
    },
    "done": true
  },
  "lootr:social": {
    "criteria": {
      "opened_barrel": "2025-06-05 15:23:35 +0000",
      "opened_chest": "2025-06-05 15:09:31 +0000"
    },
    "done": false
  },
  "botania:challenge/root": {
    "criteria": {
      "flower": "2025-06-05 15:10:12 +0000"
    },
    "done": true
  },
  "botania:main/root": {
    "criteria": {
      "flower": "2025-06-05 15:10:12 +0000"
    },
    "done": true
  },
  "botania:main/flower_pickup_lexicon": {
    "criteria": {
      "flower": "2025-06-05 15:10:12 +0000"
    },
    "done": true
  },
  "botania:main/flower_pickup": {
    "criteria": {
      "flower": "2025-06-05 15:10:12 +0000"
    },
    "done": true
  },
  "hearth_and_home:recipes/trims": {
    "criteria": {
      "has_item": "2025-06-05 15:11:29 +0000"
    },
    "done": true
  },
  "hearth_and_home:recipes/lattices": {
    "criteria": {
      "has_item": "2025-06-05 15:11:29 +0000"
    },
    "done": true
  },
  "hearth_and_home:recipes/sanded_wood": {
    "criteria": {
      "has_item": "2025-06-05 15:11:29 +0000"
    },
    "done": true
  },
  "tetra:recipes/planks": {
    "criteria": {
      "got_wood": "2025-06-05 15:11:29 +0000"
    },
    "done": true
  },
  "hearth_and_home:recipes/parquets": {
    "criteria": {
      "has_item": "2025-06-05 15:11:29 +0000"
    },
    "done": true
  },
  "aquamirae:adventure/root": {
    "criteria": {
      "crafting_table": "2025-06-05 15:11:47 +0000"
    },
    "done": true
  },
  "minecraft:story/root": {
    "criteria": {
      "crafting_table": "2025-06-05 15:11:47 +0000"
    },
    "done": true
  },
  "minecraft:story/mine_stone": {
    "criteria": {
      "get_stone": "2025-06-05 15:12:18 +0000"
    },
    "done": true
  },
  "minecraft:story/upgrade_tools": {
    "criteria": {
      "stone_pickaxe": "2025-06-05 15:12:25 +0000"
    },
    "done": true
  },
  "minecraft:adventure/root": {
    "criteria": {
      "killed_something": "2025-06-05 15:15:38 +0000"
    },
    "done": true
  },
  "biomesoplenty:biomesoplenty/all_biomes": {
    "criteria": {
      "highland": "2025-06-06 15:17:02 +0000",
      "orchard": "2025-06-05 15:16:36 +0000",
      "coniferous_forest": "2025-06-06 14:21:32 +0000",
      "seasonal_forest": "2025-06-05 15:16:35 +0000",
      "lavender_field": "2025-06-05 15:18:04 +0000",
      "fir_clearing": "2025-06-06 13:53:14 +0000",
      "gravel_beach": "2025-06-05 15:20:42 +0000"
    },
    "done": false
  },
  "biomesoplenty:biomesoplenty/root": {
    "criteria": {
      "seasonal_forest": "2025-06-05 15:16:35 +0000"
    },
    "done": true
  },
  "quark:crawl_in_hollow_log": {
    "criteria": {
      "crawl_in_hollow_log": "2025-06-05 15:21:31 +0000"
    },
    "done": true
  },
  "minecraft:husbandry/root": {
    "criteria": {
      "consumed_item": "2025-06-05 15:22:55 +0000"
    },
    "done": true
  },
  "minecraft:husbandry/balanced_diet": {
    "criteria": {
      "neapolitan:strawberry_scones": "2025-06-06 15:37:01 +0000",
      "cooked_mutton": "2025-06-06 15:49:03 +0000",
      "apple": "2025-06-06 14:55:34 +0000",
      "golden_carrot": "2025-06-05 15:22:55 +0000",
      "bread": "2025-06-06 17:27:16 +0000"
    },
    "done": false
  },
  "lootr:1barrel": {
    "criteria": {
      "opened_barrel": "2025-06-05 15:23:35 +0000"
    },
    "done": true
  },
  "minecraft:story/smelt_iron": {
    "criteria": {
      "iron": "2025-06-05 15:24:24 +0000"
    },
    "done": true
  },
  "minecraft:adventure/shoot_arrow": {
    "criteria": {
      "shot_arrow": "2025-06-05 15:25:22 +0000"
    },
    "done": true
  },
  "lootr:10loot": {
    "criteria": {
      "loot_stat": "2025-06-05 15:26:04 +0000"
    },
    "done": true
  },
  "candlelight:main/find_rose": {
    "criteria": {
      "rose": "2025-06-05 15:26:34 +0000"
    },
    "done": true
  },
  "farmersdelight:main/get_fd_seed": {
    "criteria": {
      "tomato_seeds": "2025-06-05 15:35:27 +0000"
    },
    "done": true
  },
  "irons_spellbooks:grant_patchouli": {
    "criteria": {
      "tick": "2025-06-05 16:12:28 +0000"
    },
    "done": true
  },
  "tconstruct:tools/materials_and_you": {
    "criteria": {
      "crafted_book": "2025-06-05 16:12:39 +0000"
    },
    "done": true
  },
  "tconstruct:internal/starting_book": {
    "criteria": {
      "tick": "2025-06-05 16:12:39 +0000"
    },
    "done": true
  },
  "minecraft:story/iron_tools": {
    "criteria": {
      "iron_pickaxe": "2025-06-06 13:43:12 +0000"
    },
    "done": true
  },
  "beachparty:main/welcome_to_the_beach": {
    "criteria": {
      "enter_beach": "2025-06-06 13:46:13 +0000"
    },
    "done": true
  },
  "tetra:spelunking/root": {
    "criteria": {
      "spelunking": "2025-06-06 13:49:29 +0000"
    },
    "done": true
  },
  "mekanism:materials": {
    "criteria": {
      "material": "2025-06-06 13:50:31 +0000"
    },
    "done": true
  },
  "tetra:spelunking/ancient_ruins": {
    "criteria": {
      "extractor_ruin": "2025-06-06 13:51:47 +0000"
    },
    "done": true
  },
  "minecraft:adventure/kill_all_mobs": {
    "criteria": {
      "minecraft:stray": "2025-06-06 13:55:53 +0000",
      "minecraft:zombie": "2025-06-06 16:45:05 +0000"
    },
    "done": false
  },
  "minecraft:adventure/kill_a_mob": {
    "criteria": {
      "minecraft:stray": "2025-06-06 13:55:53 +0000"
    },
    "done": true
  },
  "minecraft:story/mine_diamond": {
    "criteria": {
      "diamond": "2025-06-06 14:01:22 +0000"
    },
    "done": true
  },
  "minecraft:story/obtain_armor": {
    "criteria": {
      "iron_chestplate": "2025-06-06 14:11:23 +0000"
    },
    "done": true
  },
  "create:copper": {
    "criteria": {
      "0": "2025-06-06 14:12:25 +0000"
    },
    "done": true
  },
  "ae2:main/root": {
    "criteria": {
      "copper": "2025-06-06 14:12:25 +0000"
    },
    "done": true
  },
  "tetra:recipes/string": {
    "criteria": {
      "got_string": "2025-06-06 14:27:40 +0000"
    },
    "done": true
  },
  "vinery:main/forbidden_fruit": {
    "criteria": {
      "apple": "2025-06-06 14:55:23 +0000"
    },
    "done": true
  },
  "mekanismgenerators:heat_generator": {
    "criteria": {
      "heat_generator": "2025-06-06 15:08:19 +0000"
    },
    "done": true
  },
  "ae2:main/presses": {
    "criteria": {
      "calculation": "2025-06-06 15:16:13 +0000",
      "silicon": "2025-06-06 15:16:18 +0000",
      "engineering": "2025-06-06 15:16:17 +0000",
      "logic": "2025-06-06 15:16:14 +0000"
    },
    "done": true
  },
  "minecraft:story/lava_bucket": {
    "criteria": {
      "lava_bucket": "2025-06-06 15:17:25 +0000"
    },
    "done": true
  },
  "minecolonies:minecolonies/check_out_guide": {
    "criteria": {
      "click_gui_button_close": "2025-06-06 15:18:07 +0000"
    },
    "done": true
  },
  "mekanism:metallurgic_infuser": {
    "criteria": {
      "metallurgic_infuser": "2025-06-06 15:25:42 +0000"
    },
    "done": true
  },
  "hearth_and_home:recipes/barred_glass": {
    "criteria": {
      "has_item": "2025-06-06 15:29:26 +0000"
    },
    "done": true
  },
  "mekanism:basic_control_circuit": {
    "criteria": {
      "basic_control_circuit": "2025-06-06 15:32:30 +0000"
    },
    "done": true
  },
  "minecolonies:minecolonies/start_builder": {
    "criteria": {
      "builder_request": "2025-06-06 15:43:25 +0000"
    },
    "done": true
  },
  "minecolonies:minecolonies/fulfill_request": {
    "criteria": {
      "click_gui_button_fulfill": "2025-06-06 15:51:07 +0000"
    },
    "done": true
  },
  "mekanism:infused_alloy": {
    "criteria": {
      "alloy_infused": "2025-06-06 15:58:40 +0000"
    },
    "done": true
  },
  "minecolonies:production/root": {
    "criteria": {
      "builders_hut": "2025-06-06 16:08:35 +0000"
    },
    "done": true
  },
  "some_assembly_required:obtain_sandwich": {
    "criteria": {
      "obtain_sandwich": "2025-06-06 16:51:42 +0000"
    },
    "done": true
  },
  "minecolonies:minecolonies/build_builder": {
    "criteria": {
      "builders_hut": "2025-06-06 16:08:35 +0000"
    },
    "done": true
  },
  "mekanism:advanced_control_circuit": {
    "criteria": {
      "advanced_control_circuit": "2025-06-06 16:45:26 +0000"
    },
    "done": true
  },
  "mekanism:steel_casing": {
    "criteria": {
      "steel_casing": "2025-06-06 16:03:41 +0000"
    },
    "done": true
  },
  "mekanism:energy_transport": {
    "criteria": {
      "basic_universal_cable": "2025-06-06 16:01:28 +0000"
    },
    "done": true
  },
  "alexscaves:alexscaves/cave_codex": {
    "criteria": {
      "cave_codex": "2025-06-06 16:03:17 +0000"
    },
    "done": true
  },
  "farmersdelight:main/use_cutting_board": {
    "criteria": {
      "cutting_board": "2025-06-06 16:51:17 +0000"
    },
    "done": true
  },
  "mekanism:steel_ingot": {
    "criteria": {
      "ingot_steel": "2025-06-06 16:01:23 +0000"
    },
    "done": true
  },
  "mekanismgenerators:wind_generator": {
    "criteria": {
      "wind_generator": "2025-06-06 16:00:51 +0000"
    },
    "done": true
  },
  "mekanism:enricher": {
    "criteria": {
      "enrichment_chamber": "2025-06-06 16:05:03 +0000"
    },
    "done": true
  },
  "farmersdelight:main/craft_knife": {
    "criteria": {
      "iron_knife": "2025-06-06 16:50:16 +0000"
    },
    "done": true
  },
  "mekanism:installer": {
    "criteria": {
      "installer": "2025-06-06 16:36:35 +0000"
    },
    "done": true
  },
  "minecolonies:minecolonies/build_tavern": {
    "criteria": {
      "tavern": "2025-06-06 18:03:58 +0000"
    },
    "done": true
  },
  "some_assembly_required:obtain_bread_slice": {
    "criteria": {
      "obtain_bread_slice": "2025-06-06 16:51:17 +0000"
    },
    "done": true
  },
  "mekanism:infusing_efficiency": {
    "criteria": {
      "enriched_material": "2025-06-06 16:07:49 +0000"
    },
    "done": true
  },
  "DataVersion": 3465
}