{"stats":{"minecraft:killed":{"aquaculture:perch":2,"creeperoverhaul:cave_creeper":1,"hunters_return:hunter":2,"minecraft:sheep":4,"aquaculture:minnow":1,"minecraft:zombie":1,"minecraft:stray":2,"ars_nouveau:drygmy":1,"alexsmobs:skunk":1},"minecraft:crafted":{"minecraft:oak_planks":212,"minecraft:barrel":1,"mekanism:ingot_osmium":16,"ecologics:walnut_planks":12,"minecraft:cobblestone_stairs":4,"mekanismgenerators:heat_generator":3,"mekanism:basic_tier_installer":2,"minecraft:glass":38,"minecraft:stone_brick_slab":6,"minecraft:chest":2,"autumnity:maple_planks":20,"structurize:sceptergold":2,"mekanism:ingot_steel":10,"minecraft:stone_bricks":56,"mekanism:energy_tablet":2,"minecraft:oak_slab":66,"minecraft:wooden_shovel":1,"minecraft:emerald":2,"minecraft:crafting_table":4,"minecraft:spruce_planks":36,"farmersdelight:iron_knife":1,"minecraft:wooden_pickaxe":1,"some_assembly_required:sandwiching_station":1,"minecraft:copper_ingot":60,"minecraft:birch_planks":108,"rechiseled:chisel":1,"farmersdelight:cutting_board":1,"minecraft:stone_brick_stairs":16,"mekanism:steel_casing":3,"minecraft:stick":34,"mekanism:crusher":1,"minecraft:iron_ingot":35,"minecraft:iron_pickaxe":4,"minecraft:gold_ingot":9,"minecraft:shears":1,"minecraft:coarse_dirt":32,"minecraft:oak_door":3,"mekanism:basic_universal_cable":8,"malum:runewood_planks":12,"mekanismgenerators:wind_generator":1,"minecraft:furnace":9,"mekanism:energized_smelter":1,"mekanism:advanced_tier_installer":1,"minecraft:oak_trapdoor":6,"minecraft:glass_pane":48,"minecraft:iron_axe":2,"minecraft:stone_pickaxe":2,"minecraft:wheat":36,"mekanism:metallurgic_infuser":2,"minecraft:bucket":1,"minecraft:stone_axe":2,"minecolonies:blockhuttavern":1,"minecraft:bread":12,"minecraft:air":0,"minecraft:white_wool":12,"mekanism:enrichment_chamber":1,"mekanism:advanced_control_circuit":2,"minecraft:white_bed":4,"ecologics:walnut_boat":1},"minecraft:mined":{"create:deepslate_zinc_ore":19,"minecraft:cobblestone_stairs":22,"minecraft:carved_pumpkin":1,"malum:soulstone_ore":4,"minecraft:granite":11,"minecraft:grass_block":192,"ae2:quartz_cluster":5,"twigs:twig":1,"malum:deepslate_quartz_ore":3,"autumnity:maple_log":10,"minecolonies:blockconstructiontape":138,"minecraft:iron_ore":11,"minecraft:cobbled_deepslate":1,"minecraft:fire":16,"botania:lime_double_flower":1,"autumnity:maple_leaves":66,"minecraft:pointed_dripstone":2,"minecraft:dirt_path":1,"minecraft:oak_stairs":39,"computercraft:printer":1,"ecologics:walnut_log":4,"botania:green_mystical_flower":1,"minecraft:deepslate_redstone_ore":8,"valhelsia_structures:explorers_tent":1,"mekanism:osmium_ore":6,"botania:green_double_flower":1,"minecraft:blast_furnace":2,"mekanism:tin_ore":16,"minecraft:glass":4,"minecraft:cobblestone":73,"minecraft:sugar_cane":5,"minecraft:oak_planks":6,"farm_and_charm:wild_onions":5,"minecraft:birch_log":39,"some_assembly_required:sandwich":2,"ae2:flawed_budding_quartz":1,"minecraft:grass":44,"computercraft:monitor_advanced":1,"ae2:quartz_block":2,"minecraft:oak_log":231,"minecraft:dirt":224,"twigs:rhyolite":21,"mekanism:basic_universal_cable":1,"minecraft:oak_leaves":931,"minecraft:deepslate":368,"ae2:chipped_budding_quartz":2,"minecraft:tuff":40,"minecraft:deepslate_diamond_ore":2,"minecolonies:blockhutbuilder":1,"computercraft:computer_advanced":1,"mekanism:deepslate_osmium_ore":13,"mekanismgenerators:heat_generator":3,"domum_ornamentum:vanilla_trapdoors_compat":1,"candlelight:rose":1,"minecraft:hay_block":4,"minecraft:oak_trapdoor":6,"forbidden_arcanus:deepslate_arcane_crystal_ore":4,"minecraft:furnace":1,"supplementaries:flax":15,"ae2:damaged_budding_quartz":2,"minecraft:andesite":1,"ae2:mysterious_cube":1,"minecraft:deepslate_iron_ore":12,"ae2:sky_stone_block":311,"minecraft:stone":367,"mekanism:deepslate_lead_ore":11,"minecraft:oak_slab":29,"botania:lime_mystical_flower":3,"neapolitan:strawberry_bush":17,"minecraft:crafting_table":2,"farm_and_charm:wild_potatoes":4,"minecraft:tall_grass":4,"minecraft:copper_ore":29,"biomesoplenty:sprout":1,"minecraft:deepslate_gold_ore":6,"minecraft:diorite":30,"supplementaries:urn":1,"minecraft:birch_planks":5,"minecraft:coarse_dirt":3,"minecraft:spruce_log":9,"minecraft:birch_leaves":52,"minecraft:coal_ore":1,"botania:yellow_mystical_flower":2,"minecraft:dripstone_block":2,"minecraft:gravel":109,"mekanism:deepslate_fluorite_ore":16,"minecraft:cobweb":1,"minecraft:stone_bricks":7,"malum:runewood_log":3,"domum_ornamentum:double_crossed":1},"minecraft:picked_up":{"minecraft:iron_chestplate":1,"autumnity:maple_log":10,"minecraft:oak_stairs":39,"minecraft:raw_copper":188,"minecraft:string":14,"mekanismgenerators:heat_generator":2,"ecologics:walnut_boat":2,"minecraft:iron_leggings":1,"minecraft:cobbled_deepslate":86,"mekanism:basic_universal_cable":1,"twigs:pebble":36,"neapolitan:strawberry_pips":17,"minecraft:furnace":1,"minecraft:iron_boots":1,"minecraft:tipped_arrow":1,"ecologics:walnut_log":3,"minecraft:torch":1,"botania:yellow_mystical_flower":6,"minecraft:diorite":22,"minecraft:pointed_dripstone":4,"supplementaries:flax":6,"mekanism:raw_tin":29,"ae2:sky_stone_block":311,"quark:clear_shard":12,"minecraft:carved_pumpkin":2,"minecraft:cobblestone":560,"minecraft:birch_log":39,"ecologics:walnut":5,"minecraft:andesite":65,"minecraft:potato":19,"minecraft:flint":6,"create:raw_zinc":31,"minecolonies:blockhutbuilder":2,"supplementaries:flax_seeds":23,"ae2:damaged_budding_quartz":2,"minecraft:dirt":400,"minecolonies:blockminecoloniesrack":1,"minecraft:bone":1,"minecraft:wheat_seeds":8,"minecraft:raw_gold":45,"ae2:logic_processor_press":1,"twigs:twig":84,"minecraft:oak_planks":6,"irons_spellbooks:frozen_bone":3,"malum:raw_soulstone":1,"minecraft:cooked_porkchop":4,"pneumaticcraft:gun_ammo_ap":2,"patchouli:guide_book":3,"ae2:certus_quartz_crystal":20,"minecraft:sand":133,"minecolonies:durum":3,"malum:encyclopedia_arcana":1,"ae2:quartz_block":4,"neapolitan:strawberries":18,"some_assembly_required:sandwich":2,"eccentrictome:tome":1,"minecraft:diamond":3,"ae2:chipped_budding_quartz":1,"autumnity:maple_sapling":7,"minecraft:granite":10,"minecraft:emerald":5,"minecraft:oak_sapling":106,"embers:ancient_motive_core":1,"minecraft:coarse_dirt":3,"minecraft:crafting_table":2,"tconstruct:materials_and_you":1,"ae2:silicon_press":1,"minecraft:shield":1,"alexscaves:cave_codex":7,"minecraft:oak_trapdoor":6,"ecologics:walnut_sapling":2,"computercraft:computer_advanced":2,"minecraft:poppy":1,"minecraft:sugar_cane":16,"minecraft:birch_sapling":7,"computercraft:printer":2,"minecraft:raw_iron":35,"some_assembly_required:bread_slice":12,"computercraft:monitor_advanced":2,"aquaculture:perch":1,"botania:lime_double_flower":1,"structurize:sceptergold":4,"minecraft:redstone":98,"valhelsia_structures:explorers_tent":2,"valhelsia_structures:white_sleeping_bag":2,"domum_ornamentum:vanilla_trapdoors_compat":15,"minecolonies:resourcescroll":1,"minecraft:arrow":74,"botania:lime_mystical_flower":6,"malum:natural_quartz":3,"minecraft:hay_block":8,"embers:archaic_brick":9,"ae2:calculation_processor_press":1,"botania:green_mystical_flower":2,"minecraft:mutton":7,"minecraft:white_wool":6,"minecraft:golden_carrot":14,"mekanism:raw_lead":13,"minecraft:birch_planks":5,"botania:green_double_flower":1,"minecraft:oak_log":223,"malum:runewood_log":6,"minecraft:gunpowder":2,"farm_and_charm:onion":40,"minecraft:apple":13,"minecraft:stone_bricks":67,"minecraft:kelp":40,"candlelight:rose":1,"minecraft:oak_fence_gate":3,"minecraft:iron_ingot":19,"minecraft:stone_pickaxe":5,"minecraft:cobweb":1,"neapolitan:strawberry_scones":6,"aquaculture:minnow":1,"immersiveengineering:ingot_silver":2,"minecraft:dripstone_block":2,"minecraft:gravel":91,"minecraft:lava_bucket":2,"minecraft:spruce_sapling":3,"minecraft:blast_furnace":3,"minecraft:spruce_log":9,"mekanism:raw_osmium":21,"minecraft:leather_helmet":2,"forbidden_arcanus:arcane_crystal":4,"immersiveengineering:seed":3,"minecraft:stone_axe":1,"minecraft:iron_helmet":1,"mekanism:fluorite_gem":94,"ae2:engineering_processor_press":1,"minecolonies:blockconstructiontape":1,"minecraft:black_wool":2,"minecraft:coal":12,"immersiveengineering:raw_silver":11},"minecraft:killed_by":{"minecraft:zombie":1},"minecraft:broken":{"minecraft:stone_pickaxe":5,"minecraft:stone_axe":2,"minecraft:iron_pickaxe":3},"minecraft:used":{"minecraft:chest":2,"minecolonies:resourcescroll":2,"minecraft:iron_chestplate":1,"mekanism:basic_universal_cable":9,"minecraft:glass":4,"minecraft:lava_bucket":4,"minecraft:birch_sapling":2,"mekanismgenerators:wind_generator":1,"minecolonies:blockconstructiontape":1,"mekanism:basic_tier_installer":2,"minecraft:stone_bricks":4,"farmersdelight:cutting_board":1,"minecraft:bow":3,"minecraft:oak_sapling":4,"minecraft:furnace":1,"minecraft:diorite":2,"minecraft:stone_pickaxe":783,"minecraft:oak_planks":56,"minecraft:wooden_pickaxe":3,"minecraft:blast_furnace":1,"some_assembly_required:sandwich":1,"minecraft:shears":1,"mekanism:crusher":1,"some_assembly_required:bread_slice":2,"minecolonies:durum":1,"minecraft:bread":3,"mekanism:metallurgic_infuser":2,"minecraft:gravel":1,"minecraft:andesite":1,"minecraft:coarse_dirt":4,"mekanism:advanced_tier_installer":1,"minecraft:oak_trapdoor":6,"mekanism:enrichment_chamber":1,"minecraft:carved_pumpkin":2,"minecraft:dirt":177,"neapolitan:strawberry_scones":6,"minecraft:iron_axe":244,"mekanismgenerators:heat_generator":3,"minecraft:oak_stairs":5,"minecraft:iron_boots":1,"minecraft:golden_carrot":20,"minecraft:cobbled_deepslate":7,"some_assembly_required:sandwiching_station":1,"minecraft:iron_leggings":1,"minecraft:cooked_mutton":2,"minecraft:birch_planks":38,"botania:yellow_mystical_flower":1,"ecologics:walnut_sapling":1,"minecraft:crafting_table":5,"minecraft:oak_log":33,"minecraft:apple":12,"minecraft:iron_pickaxe":750,"minecraft:leather_helmet":1,"ecologics:walnut_boat":2,"mekanism:energized_smelter":1,"minecraft:stone_axe":238,"minecraft:cobblestone":155,"minecraft:bucket":5,"structurize:sceptergold":26,"minecraft:smooth_stone":4,"malum:encyclopedia_arcana":1},"minecraft:custom":{"lootr:looted_stat":12,"minecraft:interact_with_crafting_table":89,"minecraft:open_barrel":1,"goblintraders:trade_with_goblin":35,"minecraft:bell_ring":13,"minecraft:leave_game":22,"minecraft:time_since_death":153543,"minecraft:sprint_one_cm":828326,"minecraft:drop":126,"minecraft:talked_to_villager":2,"minecraft:play_time":391466,"minecraft:deaths":2,"minecraft:jump":2624,"minecraft:walk_on_water_one_cm":9137,"minecraft:interact_with_furnace":10,"minecraft:interact_with_loom":1,"minecraft:damage_dealt":2246,"minecraft:crouch_one_cm":25956,"minecraft:mob_kills":15,"minecraft:climb_one_cm":2597,"minecraft:walk_one_cm":523953,"minecraft:sneak_time":9251,"minecraft:walk_under_water_one_cm":5859,"minecraft:boat_one_cm":47527,"minecraft:interact_with_blast_furnace":26,"some_assembly_required:sandwiches_eaten":1,"minecraft:total_world_time":391466,"minecraft:time_since_rest":153579,"minecraft:damage_taken":1726,"minecraft:swim_one_cm":15559,"minecraft:fly_one_cm":588104,"minecraft:open_chest":149,"minecraft:fall_one_cm":71023},"minecraft:dropped":{"minecraft:cooked_beef":30,"pneumaticcraft:gun_ammo_ap":1,"malum:natural_quartz":3,"minecraft:cooked_porkchop":4,"ecologics:walnut_sapling":1,"minecraft:leather":11,"aquaculture:minnow":1,"minecraft:leather_helmet":1,"minecraft:emerald":7,"twigs:pebble":23,"minecraft:dirt":1,"tconstruct:materials_and_you":1,"botania:green_mystical_flower":1,"supplementaries:flax":6,"minecraft:white_wool":3,"minecraft:bone":1,"minecraft:gravel":40,"minecraft:cobbled_deepslate":193,"aquaculture:perch":1,"minecraft:wheat":7,"minecraft:pointed_dripstone":4,"minecraft:beetroot":9,"minecraft:carrot":5,"patchouli:guide_book":2,"supplementaries:flax_seeds":23,"minecraft:tipped_arrow":1,"minecraft:gunpowder":2,"candlelight:rose":1,"minecraft:arrow":2,"immersiveengineering:seed":2,"structurize:sceptergold":5,"farmersdelight:tomato_seeds":1,"mekanism:fluorite_gem":44,"minecraft:wheat_seeds":1,"neapolitan:strawberry_pips":17,"minecraft:dripstone_block":2,"minecraft:cobblestone":100,"minecraft:apple":29,"hauntedharvest:corn":29,"minecraft:granite":9,"immersiveengineering:ingot_silver":2,"minecraft:coal":12,"minecraft:stick":2,"minecraft:diorite":19,"mekanism:raw_lead":2,"irons_spellbooks:frozen_bone":2,"ecologics:walnut_boat":1,"minecraft:kelp":40,"minecraft:potato":24,"botania:green_double_flower":1,"ecologics:walnut":5,"some_assembly_required:sandwich":2,"minecraft:stone_pickaxe":1,"minecolonies:durum":2,"botania:lime_mystical_flower":3,"minecraft:black_wool":2}},"DataVersion":3465}