{"stats":{"minecraft:dropped":{"mekanism:fluorite_gem":44,"farmersdelight:tomato_seeds":1,"minecraft:wheat_seeds":1,"neapolitan:strawberry_pips":17,"minecraft:cooked_beef":30,"malum:natural_quartz":3,"minecraft:dripstone_block":2,"minecraft:cooked_porkchop":4,"minecraft:cobblestone":100,"ecologics:walnut_sapling":1,"aquaculture:minnow":1,"minecraft:leather":11,"minecraft:apple":29,"hauntedharvest:corn":29,"minecraft:granite":9,"immersiveengineering:ingot_silver":2,"minecraft:coal":12,"minecraft:leather_helmet":1,"minecraft:stick":2,"minecraft:emerald":7,"twigs:pebble":23,"minecraft:dirt":1,"minecraft:diorite":19,"tconstruct:materials_and_you":1,"botania:green_mystical_flower":1,"supplementaries:flax":6,"mekanism:raw_lead":2,"irons_spellbooks:frozen_bone":2,"ecologics:walnut_boat":1,"minecraft:white_wool":3,"minecraft:bone":1,"minecraft:gravel":40,"minecraft:kelp":40,"minecraft:cobbled_deepslate":193,"aquaculture:perch":1,"minecraft:wheat":7,"minecraft:pointed_dripstone":4,"minecraft:beetroot":9,"minecraft:carrot":5,"patchouli:guide_book":2,"supplementaries:flax_seeds":23,"minecraft:potato":24,"minecraft:tipped_arrow":1,"minecraft:gunpowder":2,"ecologics:walnut":5,"botania:green_double_flower":1,"candlelight:rose":1,"minecraft:stone_pickaxe":1,"minecraft:arrow":2,"minecolonies:durum":2,"botania:lime_mystical_flower":3,"immersiveengineering:seed":2,"minecraft:black_wool":2},"minecraft:crafted":{"malum:runewood_planks":12,"ecologics:walnut_planks":12,"minecraft:stone_pickaxe":1,"minecraft:emerald":2,"minecraft:crafting_table":1,"minecraft:wooden_pickaxe":1,"minecraft:copper_ingot":60,"minecraft:stone_axe":1,"minecraft:air":0,"minecraft:stick":10,"minecraft:iron_pickaxe":1,"minecraft:gold_ingot":9,"ecologics:walnut_boat":1},"minecraft:killed":{"aquaculture:perch":2,"creeperoverhaul:cave_creeper":1,"ars_nouveau:drygmy":1,"alexsmobs:skunk":1,"hunters_return:hunter":2,"minecraft:sheep":4,"aquaculture:minnow":1,"minecraft:stray":2},"minecraft:used":{"minecraft:carved_pumpkin":2,"minecraft:iron_chestplate":1,"minecraft:iron_boots":1,"minecraft:golden_carrot":15,"minecraft:bow":3,"minecraft:cobbled_deepslate":7,"minecraft:iron_leggings":1,"minecraft:stone_pickaxe":652,"minecraft:wooden_pickaxe":3,"ecologics:walnut_sapling":1,"minecraft:crafting_table":2,"minecraft:blast_furnace":1,"minecolonies:durum":1,"minecraft:iron_pickaxe":182,"minecraft:leather_helmet":1,"ecologics:walnut_boat":2,"minecraft:gravel":1,"minecraft:stone_axe":65,"minecraft:cobblestone":64,"malum:encyclopedia_arcana":1},"minecraft:picked_up":{"minecraft:crafting_table":1,"minecraft:iron_chestplate":1,"tconstruct:materials_and_you":1,"minecraft:shield":1,"minecraft:string":1,"minecraft:raw_copper":127,"ecologics:walnut_boat":2,"minecraft:iron_leggings":1,"ecologics:walnut_sapling":2,"minecraft:cobbled_deepslate":86,"computercraft:computer_advanced":2,"twigs:pebble":23,"minecraft:sugar_cane":16,"neapolitan:strawberry_pips":17,"computercraft:printer":2,"minecraft:iron_boots":1,"minecraft:tipped_arrow":1,"minecraft:raw_iron":22,"ecologics:walnut_log":3,"computercraft:monitor_advanced":2,"aquaculture:perch":1,"botania:lime_double_flower":1,"minecraft:diorite":19,"minecraft:pointed_dripstone":4,"minecraft:redstone":36,"supplementaries:flax":6,"valhelsia_structures:explorers_tent":2,"valhelsia_structures:white_sleeping_bag":2,"mekanism:raw_tin":21,"minecraft:arrow":74,"botania:lime_mystical_flower":6,"malum:natural_quartz":3,"minecraft:hay_block":8,"minecraft:carved_pumpkin":2,"embers:archaic_brick":9,"botania:green_mystical_flower":2,"minecraft:mutton":7,"minecraft:white_wool":6,"minecraft:cobblestone":247,"ecologics:walnut":5,"minecraft:golden_carrot":14,"mekanism:raw_lead":13,"minecraft:potato":18,"botania:green_double_flower":1,"create:raw_zinc":19,"supplementaries:flax_seeds":23,"malum:runewood_log":6,"minecraft:gunpowder":2,"farm_and_charm:onion":40,"minecraft:dirt":2,"minecraft:bone":1,"minecraft:kelp":40,"minecraft:wheat_seeds":1,"minecraft:raw_gold":6,"candlelight:rose":1,"minecraft:iron_ingot":19,"minecraft:stone_pickaxe":5,"neapolitan:strawberry_scones":6,"aquaculture:minnow":1,"twigs:twig":3,"immersiveengineering:ingot_silver":2,"malum:raw_soulstone":1,"minecraft:cooked_porkchop":4,"irons_spellbooks:frozen_bone":3,"patchouli:guide_book":3,"minecraft:dripstone_block":2,"minecraft:gravel":41,"minecolonies:durum":3,"malum:encyclopedia_arcana":1,"minecraft:blast_furnace":2,"mekanism:raw_osmium":21,"minecraft:leather_helmet":2,"neapolitan:strawberries":18,"forbidden_arcanus:arcane_crystal":4,"immersiveengineering:seed":2,"minecraft:diamond":3,"minecraft:stone_axe":1,"minecraft:iron_helmet":1,"mekanism:fluorite_gem":94,"minecraft:granite":9,"minecraft:emerald":5,"minecraft:black_wool":2,"embers:ancient_motive_core":1},"minecraft:mined":{"create:deepslate_zinc_ore":19,"minecraft:tuff":40,"minecraft:deepslate_diamond_ore":2,"computercraft:computer_advanced":1,"minecraft:carved_pumpkin":1,"mekanism:deepslate_osmium_ore":13,"malum:soulstone_ore":4,"minecraft:granite":10,"minecraft:grass_block":1,"malum:deepslate_quartz_ore":3,"candlelight:rose":1,"minecraft:hay_block":4,"forbidden_arcanus:deepslate_arcane_crystal_ore":4,"minecraft:iron_ore":11,"supplementaries:flax":15,"minecraft:cobbled_deepslate":1,"minecraft:fire":1,"botania:lime_double_flower":1,"minecraft:pointed_dripstone":2,"minecraft:deepslate_iron_ore":12,"ecologics:walnut_log":4,"computercraft:printer":1,"minecraft:stone":172,"botania:green_mystical_flower":1,"mekanism:deepslate_lead_ore":11,"minecraft:deepslate_redstone_ore":8,"valhelsia_structures:explorers_tent":1,"botania:lime_mystical_flower":3,"mekanism:osmium_ore":6,"neapolitan:strawberry_bush":17,"minecraft:crafting_table":1,"botania:green_double_flower":1,"minecraft:blast_furnace":1,"farm_and_charm:wild_potatoes":4,"mekanism:tin_ore":16,"minecraft:copper_ore":29,"minecraft:tall_grass":4,"minecraft:cobblestone":8,"biomesoplenty:sprout":1,"minecraft:deepslate_gold_ore":6,"minecraft:sugar_cane":5,"minecraft:diorite":26,"supplementaries:urn":1,"farm_and_charm:wild_onions":5,"minecraft:grass":34,"computercraft:monitor_advanced":1,"minecraft:gravel":50,"minecraft:dripstone_block":2,"mekanism:deepslate_fluorite_ore":16,"minecraft:dirt":17,"twigs:rhyolite":21,"malum:runewood_log":3,"minecraft:oak_leaves":2,"minecraft:deepslate":368},"minecraft:killed_by":{"minecraft:zombie":1},"minecraft:custom":{"lootr:looted_stat":12,"minecraft:mob_kills":14,"minecraft:interact_with_crafting_table":6,"goblintraders:trade_with_goblin":35,"minecraft:bell_ring":13,"minecraft:leave_game":7,"minecraft:time_since_death":75406,"minecraft:climb_one_cm":1739,"minecraft:sprint_one_cm":229933,"minecraft:walk_one_cm":184792,"minecraft:drop":118,"minecraft:talked_to_villager":2,"minecraft:play_time":122749,"minecraft:deaths":1,"minecraft:sneak_time":5774,"minecraft:walk_under_water_one_cm":5859,"minecraft:boat_one_cm":47527,"minecraft:jump":1386,"minecraft:interact_with_blast_furnace":3,"minecraft:walk_on_water_one_cm":8119,"minecraft:total_world_time":122749,"minecraft:interact_with_furnace":1,"minecraft:time_since_rest":76977,"minecraft:damage_taken":1136,"minecraft:damage_dealt":2022,"minecraft:swim_one_cm":15559,"minecraft:fly_one_cm":271538,"minecraft:open_chest":4,"minecraft:crouch_one_cm":16672,"minecraft:fall_one_cm":38655},"minecraft:broken":{"minecraft:stone_pickaxe":4}},"DataVersion":3465}