{"stats":{"minecraft:mined":{"botania:green_mystical_flower":1,"minecraft:hay_block":4,"botania:lime_mystical_flower":3,"supplementaries:flax":15,"botania:lime_double_flower":1,"minecraft:carved_pumpkin":1,"minecraft:crafting_table":1,"botania:green_double_flower":1,"minecraft:grass":21,"minecraft:tall_grass":1,"biomesoplenty:sprout":1,"ecologics:walnut_log":4,"minecraft:stone":22,"minecraft:sugar_cane":5,"malum:runewood_log":3},"minecraft:killed":{"minecraft:sheep":4,"aquaculture:minnow":1,"ars_nouveau:drygmy":1,"aquaculture:perch":2},"minecraft:custom":{"minecraft:time_since_rest":17298,"lootr:looted_stat":1,"minecraft:sprint_one_cm":27541,"minecraft:damage_taken":30,"minecraft:walk_one_cm":20712,"minecraft:mob_kills":8,"minecraft:damage_dealt":727,"minecraft:swim_one_cm":9950,"minecraft:interact_with_crafting_table":4,"minecraft:fly_one_cm":35613,"minecraft:crouch_one_cm":36,"minecraft:play_time":17298,"minecraft:sneak_time":320,"minecraft:walk_under_water_one_cm":4068,"minecraft:boat_one_cm":47527,"minecraft:jump":139,"minecraft:walk_on_water_one_cm":4901,"minecraft:time_since_death":17298,"minecraft:climb_one_cm":402,"minecraft:total_world_time":17298,"minecraft:fall_one_cm":4909},"minecraft:used":{"minecraft:stone_pickaxe":19,"minecraft:wooden_pickaxe":3,"ecologics:walnut_boat":2,"ecologics:walnut_sapling":1,"minecraft:stone_axe":28,"minecraft:crafting_table":2},"minecraft:crafted":{"minecraft:crafting_table":1,"minecraft:stick":6,"minecraft:wooden_pickaxe":1,"ecologics:walnut_planks":12,"minecraft:stone_pickaxe":1,"ecologics:walnut_boat":1,"minecraft:stone_axe":1},"minecraft:picked_up":{"minecraft:crafting_table":1,"ecologics:walnut":5,"ecologics:walnut_log":3,"aquaculture:perch":1,"botania:green_double_flower":1,"botania:lime_double_flower":1,"supplementaries:flax_seeds":21,"malum:runewood_log":3,"supplementaries:flax":5,"ecologics:walnut_boat":2,"botania:lime_mystical_flower":3,"ecologics:walnut_sapling":2,"minecraft:kelp":20,"minecraft:wheat_seeds":1,"minecraft:hay_block":4,"minecraft:carved_pumpkin":1,"aquaculture:minnow":1,"minecraft:black_wool":1,"twigs:twig":3,"minecraft:sugar_cane":8,"botania:green_mystical_flower":1,"minecraft:mutton":7,"minecraft:white_wool":3,"minecraft:cobblestone":20}},"DataVersion":3465}