{"stats":{"minecraft:mined":{"minecraft:seagrass":1,"minecraft:tall_seagrass":3,"malum:exposed_runewood_log":1,"minecraft:kelp_plant":22,"minecraft:kelp":2,"malum:runewood_log":4,"twigs:opaline_seashell":1,"minecraft:crafting_table":1},"minecraft:dropped":{"minecraft:wheat_seeds":2},"minecraft:custom":{"minecraft:time_since_rest":36152,"minecraft:sprint_one_cm":24428,"minecraft:crouch_one_cm":1142,"lootr:looted_stat":1,"minecraft:play_time":36152,"minecraft:damage_taken":45,"minecraft:walk_one_cm":52696,"minecraft:sneak_time":318,"minecraft:walk_under_water_one_cm":5375,"minecraft:boat_one_cm":48419,"minecraft:drop":2,"minecraft:jump":255,"minecraft:damage_dealt":10,"minecraft:leave_game":2,"minecraft:walk_on_water_one_cm":7095,"minecraft:time_since_death":36152,"minecraft:climb_one_cm":1356,"minecraft:total_world_time":36152,"minecraft:swim_one_cm":22669,"minecraft:interact_with_crafting_table":1,"minecraft:fall_one_cm":6215,"minecraft:fly_one_cm":41783},"minecraft:used":{"minecraft:wooden_axe":3,"minecraft:crafting_table":1},"minecraft:crafted":{"malum:runewood_planks":20,"minecraft:crafting_table":1,"minecraft:stick":4,"ecologics:walnut_planks":4,"minecraft:wooden_axe":1},"minecraft:picked_up":{"minecraft:crafting_table":1,"ecologics:walnut":1,"twigs:opaline_seashell":1,"ecologics:walnut_log":1,"minecraft:kelp":124,"minecraft:wheat_seeds":2,"malum:runewood_log":4,"malum:exposed_runewood_log":1}},"DataVersion":3465}